1.369983500000000021e+01,7.390120000000000022e-01
1.363291499999999878e+01,7.366699999999999360e-01
1.362248400000000004e+01,7.694479999999999098e-01
1.368217699999999937e+01,8.147560000000000358e-01
1.377800400000000103e+01,8.113380000000000036e-01
1.387005199999999938e+01,7.335319999999999618e-01
1.396269599999999933e+01,6.286530000000000173e-01
1.402610799999999891e+01,5.294300000000000672e-01
1.405775499999999845e+01,4.575430000000000330e-01
1.406731000000000087e+01,3.923170000000000268e-01
1.406014099999999978e+01,3.310879999999999934e-01
1.403279299999999985e+01,2.542510000000000048e-01
1.399407000000000068e+01,1.460579999999999934e-01
1.395548299999999919e+01,2.528100000000000139e-02
1.392054100000000005e+01,-1.166529999999999928e-01
1.389477699999999949e+01,-2.462300000000000044e-01
1.387527399999999922e+01,-3.715399999999999814e-01
1.388354100000000102e+01,-5.164860000000000007e-01
1.392965000000000053e+01,-6.975190000000000001e-01
1.401947499999999991e+01,-9.203649999999999887e-01
1.416289399999999965e+01,-1.201864000000000043e+00
1.435732900000000001e+01,-1.502377000000000073e+00
1.459920299999999926e+01,-1.769044999999999979e+00
1.488801700000000139e+01,-2.050189000000000039e+00
1.520161199999999901e+01,-2.328119000000000050e+00
1.554719700000000060e+01,-2.570497000000000032e+00
1.591794899999999835e+01,-2.806690000000000129e+00
1.630651099999999687e+01,-3.055769999999999875e+00
1.668306000000000111e+01,-3.312517999999999851e+00
1.701662400000000019e+01,-3.568188999999999833e+00
1.729889899999999869e+01,-3.848783000000000065e+00
1.753714400000000140e+01,-4.185463999999999629e+00
1.772194100000000105e+01,-4.519495000000000040e+00
1.783276700000000048e+01,-4.769573999999999536e+00
1.785552200000000056e+01,-4.967276999999999276e+00
1.780331400000000031e+01,-5.129254000000000424e+00
1.772854599999999792e+01,-5.270799000000000234e+00
1.767486400000000302e+01,-5.391833000000000098e+00
1.764679699999999940e+01,-5.491786000000000278e+00
1.764558999999999855e+01,-5.567940000000000111e+00
1.765119899999999831e+01,-5.658491000000000604e+00
1.767208299999999710e+01,-5.764812999999999299e+00
1.772187800000000024e+01,-5.871386000000000216e+00
1.782675700000000063e+01,-5.998599999999999710e+00
1.803033399999999986e+01,-6.152978000000000058e+00
1.844283900000000287e+01,-6.257576000000000249e+00
1.920468100000000078e+01,-6.379776999999999809e+00
2.034319500000000147e+01,-6.608228999999999687e+00
2.179573599999999800e+01,-6.962178999999999007e+00
2.345495999999999981e+01,-7.392689999999999095e+00
2.522685800000000000e+01,-7.833083999999999492e+00
2.696752899999999897e+01,-8.241706999999999894e+00
2.854992299999999972e+01,-8.629303000000000168e+00
2.993245100000000036e+01,-9.019061000000000661e+00
3.106529799999999852e+01,-9.432196000000001135e+00
3.192269699999999588e+01,-9.874107000000000411e+00
3.251414499999999919e+01,-1.025858700000000034e+01
3.282629000000000019e+01,-1.054680500000000087e+01
3.289054900000000004e+01,-1.074302699999999966e+01
3.276164599999999893e+01,-1.093291100000000071e+01
3.249141699999999844e+01,-1.114713200000000093e+01
3.215649000000000513e+01,-1.141661999999999999e+01
3.182265100000000047e+01,-1.169524100000000111e+01
3.153006200000000092e+01,-1.193212899999999976e+01
3.128623400000000387e+01,-1.215521099999999954e+01
3.109619299999999953e+01,-1.240428400000000053e+01
3.094214099999999590e+01,-1.267696199999999962e+01
3.082810399999999618e+01,-1.291999299999999984e+01
3.074650000000000105e+01,-1.310113200000000155e+01
3.070801500000000317e+01,-1.319854800000000061e+01
3.072146199999999894e+01,-1.320748200000000061e+01
3.077277199999999624e+01,-1.317614200000000046e+01
3.083622199999999580e+01,-1.313357300000000016e+01
3.088375499999999718e+01,-1.307443800000000067e+01
3.091460200000000214e+01,-1.301013200000000047e+01
3.092839999999999989e+01,-1.296609100000000048e+01
3.093530300000000111e+01,-1.294691800000000015e+01
3.094263799999999875e+01,-1.292894399999999955e+01
3.093780900000000145e+01,-1.291914799999999985e+01
3.093578899999999976e+01,-1.290951899999999952e+01
3.093605000000000160e+01,-1.290259900000000037e+01
3.093368499999999699e+01,-1.288800699999999999e+01
3.093059299999999823e+01,-1.285205299999999973e+01
3.092505500000000040e+01,-1.279657899999999948e+01
3.090038099999999943e+01,-1.270907599999999960e+01
3.084853900000000237e+01,-1.259553999999999974e+01
3.076181599999999605e+01,-1.248053800000000102e+01
3.065566300000000055e+01,-1.239759100000000025e+01
3.054636199999999846e+01,-1.232014500000000012e+01
3.042947000000000202e+01,-1.223431000000000068e+01
3.031484999999999985e+01,-1.216126900000000077e+01
3.021499999999999986e+01,-1.207030600000000042e+01
3.012911400000000128e+01,-1.196743399999999902e+01
3.009065800000000124e+01,-1.189528800000000075e+01
3.010387000000000057e+01,-1.184777200000000086e+01
3.013069000000000131e+01,-1.181651600000000002e+01
3.014530399999999943e+01,-1.177782700000000027e+01
3.011657100000000042e+01,-1.172907899999999870e+01
3.005379699999999588e+01,-1.167935800000000057e+01
2.996954299999999805e+01,-1.163916299999999993e+01
2.988189900000000065e+01,-1.158975500000000025e+01
2.978540999999999883e+01,-1.152778700000000001e+01
2.966114199999999812e+01,-1.145648100000000014e+01
2.952223000000000042e+01,-1.136214200000000041e+01
2.937687299999999979e+01,-1.124254799999999932e+01
2.923675499999999872e+01,-1.110220200000000013e+01
2.911297800000000180e+01,-1.097075599999999973e+01
2.900974099999999822e+01,-1.086434200000000061e+01
2.892878200000000177e+01,-1.077813899999999947e+01
2.886929500000000104e+01,-1.067662200000000006e+01
2.882604799999999656e+01,-1.056431899999999935e+01
2.879023400000000166e+01,-1.044340700000000055e+01
2.874235900000000399e+01,-1.032013099999999994e+01
2.867184099999999702e+01,-1.021935700000000047e+01
2.856866799999999884e+01,-1.013872899999999966e+01
2.841793099999999939e+01,-1.006018100000000004e+01
2.820290599999999870e+01,-9.986330000000000595e+00
2.791744999999999877e+01,-9.917083999999999122e+00
2.753868699999999947e+01,-9.860205999999999804e+00
2.706018300000000210e+01,-9.820420000000000371e+00
2.642746700000000004e+01,-9.776087999999999667e+00
2.541642799999999980e+01,-9.733978999999999715e+00
2.386570700000000045e+01,-9.726067000000000462e+00
2.177589800000000153e+01,-9.779677000000001286e+00
1.939024200000000064e+01,-9.918732999999999578e+00
1.701506000000000185e+01,-1.010393000000000008e+01
1.476005499999999948e+01,-1.023165999999999976e+01
1.276935899999999968e+01,-1.031754899999999964e+01
1.117568800000000095e+01,-1.039008999999999894e+01
9.969490999999999659e+00,-1.044350700000000032e+01
9.080904999999999561e+00,-1.048370700000000078e+01
8.385814999999999131e+00,-1.051933299999999960e+01
7.786871000000000542e+00,-1.062112400000000001e+01
7.303636999999999269e+00,-1.077569900000000125e+01
6.902114000000000082e+00,-1.092186399999999935e+01
6.568182000000001075e+00,-1.106252600000000008e+01
6.311624000000000123e+00,-1.118756699999999960e+01
6.071416999999999398e+00,-1.129496799999999901e+01
5.843685999999999936e+00,-1.137257499999999943e+01
5.626524999999999999e+00,-1.141479600000000083e+01
5.433848999999999485e+00,-1.139835899999999924e+01
5.305030000000000356e+00,-1.136197400000000002e+01
5.271982000000000390e+00,-1.132574499999999951e+01
5.338592000000000226e+00,-1.130649999999999977e+01
5.495655000000000179e+00,-1.129571400000000025e+01
5.690210999999999686e+00,-1.129065700000000128e+01
5.873933000000000071e+00,-1.128957899999999981e+01
6.012942999999999927e+00,-1.131407100000000021e+01
6.096935000000000215e+00,-1.134173499999999990e+01
6.121284999999999421e+00,-1.135040399999999927e+01
6.105935999999999808e+00,-1.133103800000000128e+01
6.056102000000000096e+00,-1.126995399999999847e+01
5.978273999999999866e+00,-1.118670099999999934e+01
5.882712000000000607e+00,-1.107042999999999999e+01
5.753433000000000241e+00,-1.097933200000000120e+01
5.544400000000000439e+00,-1.094402999999999970e+01
5.250505000000000422e+00,-1.094981100000000040e+01
4.894966999999999402e+00,-1.097267100000000006e+01
4.502806999999999782e+00,-1.097997599999999885e+01
4.081805000000000128e+00,-1.097328899999999940e+01
3.619609999999999772e+00,-1.092973999999999890e+01
3.120156000000000152e+00,-1.086078600000000094e+01
2.638058000000000014e+00,-1.077963300000000046e+01
2.142974000000000157e+00,-1.065428600000000081e+01
1.575272000000000006e+00,-1.043602199999999947e+01
8.273799999999998933e-01,-1.009115200000000101e+01
-2.814929999999999932e-01,-9.483048000000000144e+00
-1.755786999999999987e+00,-8.719950000000000756e+00
-3.441698999999999842e+00,-8.056112999999999857e+00
-5.101955000000000240e+00,-7.547905000000000086e+00
-6.659091000000000093e+00,-7.103022000000000169e+00
-8.117769000000000901e+00,-6.694377999999999496e+00
-9.452856000000000591e+00,-6.395344999999999835e+00
-1.061993399999999887e+01,-6.244330999999999854e+00
-1.157404600000000094e+01,-6.313463999999999743e+00
-1.223081300000000127e+01,-6.584957000000001059e+00
-1.258347000000000016e+01,-6.940407000000000437e+00
-1.267607800000000040e+01,-7.362153999999999421e+00
-1.262205200000000005e+01,-7.761611000000000260e+00
-1.254657500000000070e+01,-8.103203999999999851e+00
-1.249761600000000072e+01,-8.337521000000000626e+00
-1.256629099999999966e+01,-8.446039999999999992e+00
-1.273944299999999963e+01,-8.518752000000000990e+00
-1.296144799999999897e+01,-8.558514000000000621e+00
-1.318619800000000097e+01,-8.591241000000000128e+00
-1.336206600000000044e+01,-8.630008000000000123e+00
-1.350469599999999915e+01,-8.651535000000000863e+00
-1.364199999999999946e+01,-8.684506999999999977e+00
-1.375719500000000117e+01,-8.761652999999999025e+00
-1.386306499999999886e+01,-8.847115999999999758e+00
-1.397535400000000116e+01,-8.976592000000000127e+00
-1.407957999999999821e+01,-9.122581000000000273e+00
-1.420073900000000222e+01,-9.237792999999999921e+00
-1.436874399999999952e+01,-9.309733999999998844e+00
-1.460347499999999954e+01,-9.371717000000000297e+00
-1.494485499999999867e+01,-9.423799000000000703e+00
-1.551491500000000023e+01,-9.427780999999999523e+00
-1.642529299999999992e+01,-9.336926000000000059e+00
-1.752754600000000096e+01,-9.195861000000000729e+00
-1.865424700000000158e+01,-9.043627000000000749e+00
-1.971141799999999833e+01,-8.898661999999999850e+00
-2.066790400000000005e+01,-8.754778999999999201e+00
-2.150810399999999944e+01,-8.632604999999999862e+00
-2.218157399999999768e+01,-8.534099000000001212e+00
-2.268400199999999955e+01,-8.439379999999999882e+00
-2.302362399999999809e+01,-8.316563000000000372e+00
-2.321161999999999992e+01,-8.173535000000001105e+00
-2.323054300000000083e+01,-8.014246999999999233e+00
-2.311166799999999810e+01,-7.834328000000000181e+00
-2.291192099999999954e+01,-7.651500000000000412e+00
-2.267522400000000005e+01,-7.437583999999999307e+00
-2.243634600000000034e+01,-7.239214999999999733e+00
-2.220357900000000129e+01,-7.059725999999999502e+00
-2.198371700000000217e+01,-6.899602000000000679e+00
-2.178787000000000162e+01,-6.746475000000000222e+00
-2.164263300000000001e+01,-6.595467999999999442e+00
-2.158612999999999715e+01,-6.495548999999999573e+00
-2.162939500000000237e+01,-6.542708999999999442e+00
-2.167332099999999784e+01,-6.635064999999999102e+00
-2.166209599999999824e+01,-6.627871000000000734e+00
-2.157543599999999984e+01,-6.608668999999999905e+00
-2.141602500000000120e+01,-6.584755000000000358e+00
-2.120637300000000280e+01,-6.548759999999999692e+00
-2.095979299999999768e+01,-6.533634999999999415e+00
-2.070202799999999854e+01,-6.541767000000000110e+00
-2.046902099999999791e+01,-6.569492999999999583e+00
-2.028364900000000048e+01,-6.590399999999999814e+00
-2.013509600000000077e+01,-6.604222999999999288e+00
-2.003021999999999991e+01,-6.627072999999999325e+00
-1.994931400000000110e+01,-6.668000999999999401e+00
-1.987042399999999986e+01,-6.710844999999999949e+00
-1.978191800000000100e+01,-6.761038000000000103e+00
-1.965334100000000106e+01,-6.820924999999999905e+00
-1.947621000000000180e+01,-6.844630000000000436e+00
-1.929959299999999800e+01,-6.824874999999999581e+00
-1.912881700000000151e+01,-6.800127000000000699e+00
-1.897665399999999991e+01,-6.751399000000000150e+00
-1.886931200000000075e+01,-6.704908000000000534e+00
-1.877480299999999858e+01,-6.707519000000000453e+00
-1.867657699999999821e+01,-6.770788000000000473e+00
-1.859025199999999955e+01,-6.848433999999999244e+00
-1.849963200000000185e+01,-6.936278999999998973e+00
-1.838834400000000002e+01,-7.026828999999999326e+00
-1.823433100000000096e+01,-7.130849999999999689e+00
-1.802700000000000102e+01,-7.212535000000000807e+00
-1.781459599999999810e+01,-7.268732000000000859e+00
-1.762821800000000039e+01,-7.331058000000000519e+00
-1.749903499999999923e+01,-7.366169000000000189e+00
-1.742271000000000214e+01,-7.391155000000000364e+00
-1.737857800000000097e+01,-7.425649000000000832e+00
-1.733620499999999964e+01,-7.455871000000001025e+00
-1.726792099999999763e+01,-7.503714999999999691e+00
-1.717032199999999875e+01,-7.567275999999999669e+00
-1.703573599999999999e+01,-7.635647000000000517e+00
-1.687304699999999968e+01,-7.681447999999999610e+00
-1.670467800000000125e+01,-7.738278999999999463e+00
-1.650756300000000110e+01,-7.824461000000000332e+00
-1.633159799999999962e+01,-7.893892000000000131e+00
-1.619663399999999953e+01,-7.967242999999998965e+00
-1.607741899999999902e+01,-8.036673999999999651e+00
-1.601989599999999925e+01,-8.053753999999999635e+00
-1.599227300000000085e+01,-8.073064999999999714e+00
-1.600063499999999905e+01,-8.078082999999999458e+00
-1.604830600000000018e+01,-8.071002000000000010e+00
-1.611112200000000172e+01,-8.071321000000001078e+00
-1.616989899999999736e+01,-8.080849999999999866e+00
-1.620160499999999715e+01,-8.114257000000000275e+00
-1.617042900000000216e+01,-8.183723999999999776e+00
-1.606203800000000115e+01,-8.252619000000001037e+00
-1.592508800000000058e+01,-8.299108000000000374e+00
-1.579216799999999843e+01,-8.373119000000000867e+00
-1.569316000000000066e+01,-8.438698000000000476e+00
-1.565207099999999940e+01,-8.530700999999998757e+00
-1.564204599999999878e+01,-8.657545999999999964e+00
-1.564673599999999887e+01,-8.772453999999999752e+00
-1.564147099999999924e+01,-8.867554000000000158e+00
-1.563512200000000085e+01,-8.916047000000000722e+00
-1.562415299999999974e+01,-8.928530999999999551e+00
-1.560662199999999977e+01,-8.918061999999999045e+00
-1.557980400000000110e+01,-8.899307999999999552e+00
-1.553445199999999815e+01,-8.886739000000000388e+00
-1.543737099999999884e+01,-8.898846000000000700e+00
-1.532800499999999921e+01,-8.895546000000001285e+00
-1.529597099999999976e+01,-8.856379999999999697e+00
-1.536244599999999849e+01,-8.828238000000000696e+00
-1.551819099999999985e+01,-8.801285000000000025e+00
-1.573986499999999999e+01,-8.777694999999999581e+00
-1.599035499999999921e+01,-8.768257000000000190e+00
-1.623384300000000025e+01,-8.762382999999999811e+00
-1.646589299999999767e+01,-8.767389999999998906e+00
-1.669994900000000015e+01,-8.740099000000000729e+00
-1.697784000000000049e+01,-8.662100000000000577e+00
-1.729865500000000011e+01,-8.571841000000000932e+00
-1.767220100000000116e+01,-8.453027999999999764e+00
-1.808915700000000015e+01,-8.338032999999999362e+00
-1.851124400000000136e+01,-8.239974000000000132e+00
-1.892099800000000087e+01,-8.145472999999999075e+00
-1.928575899999999876e+01,-8.073810999999999183e+00
-1.959372699999999767e+01,-8.012358000000000757e+00
-1.986545199999999767e+01,-7.936582000000000470e+00
-2.012027199999999993e+01,-7.841083999999999499e+00
-2.036650500000000008e+01,-7.725278000000000311e+00
-2.053806099999999901e+01,-7.615085999999999800e+00
-2.059732199999999835e+01,-7.532716000000000633e+00
-2.060553200000000018e+01,-7.435842999999999314e+00
-2.062670299999999912e+01,-7.326483000000000523e+00
-2.065696099999999902e+01,-7.239594999999999558e+00
-2.071067199999999886e+01,-7.134060999999999986e+00
-2.079365299999999905e+01,-7.039838999999999736e+00
-2.086875200000000063e+01,-6.970252999999999588e+00
-2.093346199999999868e+01,-6.935189999999999522e+00
-2.098026300000000077e+01,-6.931869999999999976e+00
-2.100760100000000108e+01,-6.937060000000000670e+00
-2.102222300000000033e+01,-6.948385000000000922e+00
-2.104532400000000081e+01,-6.962969999999999438e+00
-2.110846899999999948e+01,-6.961327999999999960e+00
-2.120549400000000162e+01,-6.944010000000000460e+00
-2.126343299999999914e+01,-6.924805000000000099e+00
-2.125179699999999983e+01,-6.884705999999999548e+00
-2.118326000000000064e+01,-6.833671000000000717e+00
-2.108798399999999873e+01,-6.782830000000000581e+00
-2.099472199999999944e+01,-6.734128000000000114e+00
-2.091459800000000158e+01,-6.700424000000000824e+00
-2.083910600000000102e+01,-6.650042999999999260e+00
-2.079335400000000078e+01,-6.565522999999999776e+00
-2.079112999999999900e+01,-6.480139000000000316e+00
-2.080452299999999966e+01,-6.416567999999999827e+00
-2.082461900000000199e+01,-6.377852999999999994e+00
-2.085265499999999861e+01,-6.352489000000000274e+00
-2.087962699999999927e+01,-6.328863000000000127e+00
-2.091113700000000009e+01,-6.315776000000000501e+00
-2.094477499999999992e+01,-6.308450999999999809e+00
-2.096276299999999893e+01,-6.319169000000000480e+00
-2.095563699999999940e+01,-6.352263999999999911e+00
-2.090808900000000037e+01,-6.410451999999999373e+00
-2.081955499999999759e+01,-6.471224999999999561e+00
-2.070653900000000291e+01,-6.539035000000000153e+00
-2.059264899999999798e+01,-6.578141000000000460e+00
-2.050227399999999989e+01,-6.582183000000000561e+00
-2.043788100000000085e+01,-6.566686999999999941e+00
-2.039208400000000054e+01,-6.551791999999999838e+00
-2.037949899999999914e+01,-6.527842999999999840e+00
-2.038604899999999986e+01,-6.505538999999999739e+00
-2.039451799999999793e+01,-6.507301000000000002e+00
-2.039573700000000045e+01,-6.517824000000000062e+00
-2.039981799999999978e+01,-6.504824000000000161e+00
-2.041675599999999946e+01,-6.416915000000000369e+00
-2.047242400000000018e+01,-6.244604999999999961e+00
-2.052951600000000099e+01,-6.095973000000000752e+00
-2.052419700000000091e+01,-6.019657999999999731e+00
-2.045143500000000003e+01,-6.002354000000000411e+00
-2.034677300000000244e+01,-6.007981000000000016e+00
-2.024808099999999911e+01,-6.007730999999999710e+00
-2.018569800000000214e+01,-5.986762000000000583e+00
-2.016606099999999913e+01,-5.956987000000000698e+00
-2.016824500000000242e+01,-5.940523999999999916e+00
-2.017867299999999986e+01,-5.952763000000000027e+00
-2.016555999999999926e+01,-5.985330000000000261e+00
-2.012756300000000209e+01,-6.013721000000000316e+00
-2.008619900000000058e+01,-6.030351999999999713e+00
-2.005435199999999796e+01,-6.032811999999999841e+00
-2.004169999999999874e+01,-6.023532000000000330e+00
-2.004804999999999993e+01,-5.991188000000000180e+00
-2.007200599999999824e+01,-5.945335000000000036e+00
-2.008396000000000114e+01,-5.929530000000000634e+00
-2.007111199999999940e+01,-5.914611999999999981e+00
-2.003541900000000098e+01,-5.912849999999999717e+00
-1.999181000000000097e+01,-5.930222000000000548e+00
-1.995096600000000109e+01,-5.950940000000000119e+00
-1.992594899999999924e+01,-5.966730999999999341e+00
-1.990200199999999953e+01,-5.986615000000000464e+00
-1.987711499999999987e+01,-6.012019000000000446e+00
-1.984475499999999926e+01,-6.011626999999999832e+00
-1.982822399999999874e+01,-6.003631999999999636e+00
-1.983972699999999989e+01,-5.989675000000000082e+00
-1.986198999999999870e+01,-5.990728999999999971e+00
-1.988672299999999993e+01,-5.996622000000000341e+00
-1.988344000000000023e+01,-6.005536000000000207e+00
-1.985622000000000043e+01,-6.001081000000000110e+00
-1.982860600000000062e+01,-6.007920999999999623e+00
-1.980763100000000065e+01,-6.025166999999999717e+00
-1.979751200000000111e+01,-6.056423999999999808e+00
-1.979298800000000114e+01,-6.077867999999999604e+00
-1.977043899999999965e+01,-6.092986999999999931e+00
-1.975307999999999709e+01,-6.088085999999999665e+00
-1.975211000000000183e+01,-6.081128999999999785e+00
-1.977401899999999912e+01,-6.053033000000000108e+00
-1.981154400000000138e+01,-6.016297999999999924e+00
-1.986131900000000172e+01,-5.997822000000000209e+00
-1.990625400000000056e+01,-5.995287000000000255e+00
-1.992928900000000070e+01,-6.001943999999999946e+00
-1.991629400000000061e+01,-6.028438999999999659e+00
-1.986787199999999842e+01,-6.058413999999999966e+00
-1.979818200000000061e+01,-6.085383999999999460e+00
-1.974083699999999908e+01,-6.103176999999999630e+00
-1.972363299999999953e+01,-6.112350000000000172e+00
-1.974053800000000081e+01,-6.107024000000000008e+00
-1.977773999999999788e+01,-6.117734999999999701e+00
-1.980790499999999810e+01,-6.127653999999999712e+00
-1.980753500000000145e+01,-6.123051000000000244e+00
-1.979266199999999998e+01,-6.123997000000000135e+00
-1.976851700000000278e+01,-6.130841999999999459e+00
-1.975461800000000068e+01,-6.143430999999999642e+00
-1.975410799999999867e+01,-6.161966999999999750e+00
-1.976220899999999858e+01,-6.158930000000000682e+00
-1.977214800000000139e+01,-6.173221999999999987e+00
-1.977445600000000070e+01,-6.186227999999999838e+00
-1.977710499999999882e+01,-6.194846000000000075e+00
-1.979083299999999923e+01,-6.202241000000000781e+00
-1.981287400000000076e+01,-6.220813999999999844e+00
-1.983503699999999981e+01,-6.249285999999999675e+00
-1.984716000000000236e+01,-6.296907000000000032e+00
-1.983138800000000046e+01,-6.346798999999999857e+00
-1.980047000000000068e+01,-6.398598999999999926e+00
-1.976345600000000147e+01,-6.461100000000000065e+00
-1.973173699999999897e+01,-6.496876999999999569e+00
-1.970613499999999974e+01,-6.526525000000000354e+00
-1.969164999999999921e+01,-6.546826999999999508e+00
-1.969599699999999842e+01,-6.540759999999999685e+00
-1.971212399999999931e+01,-6.536017000000000188e+00
-1.972542800000000085e+01,-6.533841999999999928e+00
-1.971662900000000107e+01,-6.523077999999999932e+00
-1.969747200000000120e+01,-6.520394000000000467e+00
-1.967960899999999924e+01,-6.527981999999999729e+00
-1.966031800000000018e+01,-6.548626000000000502e+00
-1.963864699999999885e+01,-6.577866000000000213e+00
-1.962457300000000160e+01,-6.595809000000000033e+00
-1.962522099999999980e+01,-6.602624999999999744e+00
-1.963722399999999979e+01,-6.589449000000000112e+00
-1.965897400000000061e+01,-6.565285000000000259e+00
-1.968674899999999894e+01,-6.535287000000000290e+00
-1.972083999999999904e+01,-6.513548000000000116e+00
-1.975653499999999951e+01,-6.496903999999999790e+00
-1.978279900000000069e+01,-6.501983000000000068e+00
-1.978956200000000010e+01,-6.514806000000000097e+00
-1.977377300000000204e+01,-6.530713999999999686e+00
-1.975308599999999970e+01,-6.535355000000000025e+00
-1.973148899999999983e+01,-6.554677000000000753e+00
-1.970827300000000193e+01,-6.564097000000000293e+00
-1.969380199999999803e+01,-6.572280000000000122e+00
-1.969257400000000047e+01,-6.577294999999999447e+00
-1.971151199999999903e+01,-6.577069999999999972e+00
-1.972954899999999867e+01,-6.598360999999999699e+00
-1.972781000000000162e+01,-6.602288999999999852e+00
-1.970546200000000070e+01,-6.593474999999999753e+00
-1.967982300000000251e+01,-6.578825000000000145e+00
-1.966309700000000049e+01,-6.579674000000000689e+00
-1.966901599999999917e+01,-6.569366999999999734e+00
-1.968837200000000109e+01,-6.573684000000000083e+00
-1.971893299999999982e+01,-6.568928999999999796e+00
-1.974745599999999968e+01,-6.559819000000000067e+00
-1.976360100000000131e+01,-6.544967999999999897e+00
-1.976587500000000119e+01,-6.540653999999999968e+00
-1.976357499999999945e+01,-6.536824000000000190e+00
-1.976364299999999830e+01,-6.544102999999999781e+00
-1.976017399999999924e+01,-6.554027000000000491e+00
-1.975267999999999802e+01,-6.555377000000000010e+00
-1.972469099999999997e+01,-6.571283999999999459e+00
-1.967842900000000128e+01,-6.591291000000000011e+00
-1.962601300000000037e+01,-6.612791999999999781e+00
-1.958031499999999880e+01,-6.617239999999999789e+00
-1.954583399999999926e+01,-6.631588000000000704e+00
-1.952044500000000227e+01,-6.665957000000000576e+00
-1.950336799999999826e+01,-6.692099000000000686e+00
-1.949779299999999793e+01,-6.709547999999999845e+00
-1.948188999999999993e+01,-6.724891000000000396e+00
-1.946231500000000025e+01,-6.721350999999999409e+00
-1.943607899999999944e+01,-6.722222000000000364e+00
-1.941159999999999997e+01,-6.731494999999999784e+00
-1.938396799999999942e+01,-6.744111999999999441e+00
-1.934680700000000186e+01,-6.759630999999999723e+00
-1.931007600000000224e+01,-6.767794000000000310e+00
-1.928028299999999717e+01,-6.786050000000000360e+00
-1.925877600000000101e+01,-6.794824000000000197e+00
-1.926623900000000233e+01,-6.796377999999999808e+00
-1.929756899999999931e+01,-6.789202999999999655e+00
-1.934311099999999684e+01,-6.779028000000000276e+00
-1.939207499999999840e+01,-6.780141999999999669e+00
-1.941617399999999805e+01,-6.789519000000000304e+00
-1.940936299999999903e+01,-6.814575999999999745e+00
-1.937619199999999964e+01,-6.836696000000000772e+00
-1.933635699999999957e+01,-6.876835000000000697e+00
-1.930211100000000002e+01,-6.932633000000000045e+00
-1.928293000000000035e+01,-6.986094000000000470e+00
-1.928669700000000020e+01,-7.019213000000000591e+00
-1.930487300000000062e+01,-7.029939999999999856e+00
-1.932896200000000064e+01,-7.020705000000000418e+00
-1.935991700000000293e+01,-6.995955000000000368e+00
-1.939840500000000034e+01,-6.973664000000000307e+00
-1.945062399999999769e+01,-6.942435000000000578e+00
-1.950320400000000021e+01,-6.906407999999999880e+00
-1.955050699999999964e+01,-6.867755999999999972e+00
-1.959542300000000026e+01,-6.849102000000000245e+00
-1.963973200000000219e+01,-6.848432999999999993e+00
-1.967157900000000126e+01,-6.849263000000000545e+00
-1.969460300000000075e+01,-6.847286999999999679e+00
-1.970927800000000119e+01,-6.854024000000000783e+00
-1.971854599999999991e+01,-6.859930000000000305e+00
-1.973159000000000063e+01,-6.861935000000000784e+00
-1.973915900000000079e+01,-6.876403999999999073e+00
-1.972938200000000109e+01,-6.908144999999999314e+00
-1.970405399999999929e+01,-6.924122000000000554e+00
-1.967959600000000009e+01,-6.936880999999999631e+00
-1.965826799999999963e+01,-6.952442999999999707e+00
-1.963521000000000072e+01,-6.955389000000000266e+00
-1.961657100000000042e+01,-6.956539999999999502e+00
-1.958549299999999960e+01,-6.970579999999999998e+00
-1.955262000000000100e+01,-6.972457000000000349e+00
-1.953134899999999874e+01,-6.963400000000000034e+00
-1.952930999999999884e+01,-6.965300000000000047e+00
-1.953873600000000010e+01,-6.973633000000000415e+00
-1.955652999999999864e+01,-6.959207000000001031e+00
-1.956452399999999869e+01,-6.937425999999999426e+00
-1.956133999999999773e+01,-6.926336999999999300e+00
-1.956260100000000079e+01,-6.911966999999999750e+00
-1.956677799999999934e+01,-6.890127999999999808e+00
-1.958118100000000084e+01,-6.871058999999999806e+00
-1.960934299999999908e+01,-6.848685000000000578e+00
-1.964299000000000106e+01,-6.840061000000000391e+00
-1.966711799999999855e+01,-6.825095000000000134e+00
-1.967346000000000217e+01,-6.828652000000000832e+00
-1.965545700000000195e+01,-6.840933999999999848e+00
-1.962590799999999902e+01,-6.847761000000000209e+00
-1.960571099999999944e+01,-6.850983999999999519e+00
-1.960639199999999960e+01,-6.865632999999999875e+00
-1.962084400000000173e+01,-6.869774000000000491e+00
-1.964449899999999971e+01,-6.878161000000000413e+00
-1.965313499999999891e+01,-6.894207999999999892e+00
-1.962859899999999769e+01,-6.898541000000000700e+00
-1.958289699999999911e+01,-6.901702999999999477e+00
-1.954611000000000232e+01,-6.903892999999999169e+00
-1.953292099999999820e+01,-6.917119000000000462e+00
-1.954040000000000177e+01,-6.925466000000000122e+00
-1.955962399999999946e+01,-6.927830999999999406e+00
-1.958298900000000131e+01,-6.927802000000000682e+00
-1.959316799999999859e+01,-6.926369999999999472e+00
-1.958969700000000103e+01,-6.921025999999999456e+00
-1.958901200000000031e+01,-6.916205999999999854e+00
-1.959820700000000215e+01,-6.911438000000000415e+00
-1.961223200000000233e+01,-6.916494000000000142e+00
-1.961852299999999971e+01,-6.919950000000000045e+00
-1.961224400000000045e+01,-6.930341999999999558e+00
-1.959777099999999805e+01,-6.943467999999999307e+00
-1.957540099999999939e+01,-6.954480000000000217e+00
-1.956160399999999910e+01,-6.956995000000000040e+00
-1.956279599999999874e+01,-6.979478999999999544e+00
-1.957410600000000045e+01,-6.987822000000000422e+00
-1.959276600000000101e+01,-6.986272000000000482e+00
-1.960359599999999958e+01,-6.981914999999998983e+00
-1.959638400000000047e+01,-6.973383999999999361e+00
-1.958659199999999956e+01,-6.967744999999999855e+00
-1.958596199999999854e+01,-6.973352000000000217e+00
-1.960685300000000097e+01,-6.966588999999999920e+00
-1.966360900000000100e+01,-6.954921000000000575e+00
-1.974261900000000125e+01,-6.945730000000000182e+00
-1.983560599999999852e+01,-6.948906000000000027e+00
-1.990223900000000157e+01,-6.964849000000000956e+00
-1.993738199999999949e+01,-6.970338000000000811e+00
-1.994170199999999937e+01,-6.988299000000000483e+00
-1.992634400000000028e+01,-6.995846000000000231e+00
-1.991256100000000018e+01,-6.998738000000000348e+00
-1.989306400000000252e+01,-7.016418999999999961e+00
-1.987280300000000111e+01,-7.029182999999999737e+00
-1.984947999999999979e+01,-7.044996000000000258e+00
-1.981963700000000017e+01,-7.052486999999999284e+00
-1.979884500000000003e+01,-7.059544999999999959e+00
-1.979762300000000153e+01,-7.061138000000000581e+00
-1.981810400000000172e+01,-7.060958999999999541e+00
-1.985722499999999968e+01,-7.066764999999999297e+00
-1.989665600000000012e+01,-7.087861999999999441e+00
-1.992060700000000040e+01,-7.088249000000000244e+00
-1.993304299999999785e+01,-7.091033000000000364e+00
-1.993688599999999767e+01,-7.096317999999999238e+00
-1.993616300000000052e+01,-7.102127000000000301e+00
-1.992800300000000036e+01,-7.109463000000000754e+00
-1.991459100000000149e+01,-7.107021999999999728e+00
-1.989760199999999912e+01,-7.102502999999999567e+00
-1.987982600000000133e+01,-7.094489999999999519e+00
-1.987030400000000085e+01,-7.094593999999999845e+00
-1.987633699999999948e+01,-7.095069000000000514e+00
-1.990120499999999737e+01,-7.086844999999999395e+00
-1.993103400000000036e+01,-7.097550999999999277e+00
-1.995166799999999796e+01,-7.105739999999999057e+00
-1.994101000000000212e+01,-7.135728999999999544e+00
-1.990376900000000049e+01,-7.157782000000000977e+00
-1.984621200000000130e+01,-7.171610000000000262e+00
-1.979544999999999888e+01,-7.187267999999999546e+00
-1.976532399999999967e+01,-7.201702000000000048e+00
-1.976308799999999977e+01,-7.210064999999999280e+00
-1.976580799999999982e+01,-7.221221000000000778e+00
-1.975397500000000051e+01,-7.223622999999999905e+00
-1.972915599999999969e+01,-7.218874999999999709e+00
-1.970251099999999767e+01,-7.228969000000000200e+00
-1.967772499999999880e+01,-7.251930999999999905e+00
-1.965707000000000093e+01,-7.291805999999999344e+00
-1.963968099999999950e+01,-7.319972999999999175e+00
-1.963280100000000061e+01,-7.333746000000000542e+00
-1.963892600000000144e+01,-7.334199000000000801e+00
-1.964753900000000186e+01,-7.320678000000000019e+00
-1.965862100000000012e+01,-7.314088000000000811e+00
-1.966810199999999753e+01,-7.309458000000000233e+00
-1.968104399999999998e+01,-7.318863000000000341e+00
-1.969513299999999845e+01,-7.352033999999999736e+00
-1.969839100000000087e+01,-7.379353999999999303e+00
-1.967927200000000099e+01,-7.412550000000000416e+00
-1.964321299999999937e+01,-7.440000999999999642e+00
-1.960618599999999745e+01,-7.468702999999999648e+00
-1.957516899999999893e+01,-7.484417999999998905e+00
-1.955126200000000125e+01,-7.484008999999999467e+00
-1.953294200000000203e+01,-7.482719999999999594e+00
-1.951363900000000129e+01,-7.474723000000000006e+00
-1.949877000000000038e+01,-7.473175000000000345e+00
-1.949044400000000010e+01,-7.471569999999999823e+00
-1.949423799999999929e+01,-7.469005999999999368e+00
-1.949848700000000079e+01,-7.470196999999999754e+00
-1.949744000000000099e+01,-7.478480000000000238e+00
-1.949129699999999943e+01,-7.484135000000000204e+00
-1.948695199999999872e+01,-7.479305000000000092e+00
-1.949136700000000033e+01,-7.467838999999999672e+00
-1.950633399999999895e+01,-7.458482000000000944e+00
-1.952097499999999997e+01,-7.446119000000000376e+00
-1.953838700000000017e+01,-7.451510999999999996e+00
-1.954602600000000123e+01,-7.468111999999999639e+00
-1.953450799999999887e+01,-7.487936000000000369e+00
-1.950830099999999945e+01,-7.504960000000000520e+00
-1.947961000000000098e+01,-7.518160000000000842e+00
-1.945134200000000035e+01,-7.527888000000000801e+00
-1.943067399999999978e+01,-7.544017000000000195e+00
-1.941062399999999855e+01,-7.548236999999999419e+00
-1.939156700000000200e+01,-7.539100000000000357e+00
-1.938631400000000227e+01,-7.541117999999999100e+00
-1.939179999999999993e+01,-7.552413000000000487e+00
-1.940977900000000034e+01,-7.567868999999999957e+00
-1.943160400000000010e+01,-7.567108000000000168e+00
-1.944615199999999788e+01,-7.558174000000000170e+00
-1.945669699999999835e+01,-7.546485000000000554e+00
-1.946050999999999931e+01,-7.524778999999999662e+00
-1.946387099999999748e+01,-7.502314000000000149e+00
-1.947662199999999899e+01,-7.484346000000000387e+00
-1.949599100000000007e+01,-7.471178999999999348e+00
-1.951642400000000066e+01,-7.464628000000000263e+00
-1.953161599999999964e+01,-7.465530000000000221e+00
-1.952992599999999968e+01,-7.462158000000000513e+00
-1.951664500000000046e+01,-7.464069999999999538e+00
-1.950257300000000171e+01,-7.474539000000000044e+00
-1.948337000000000074e+01,-7.473538000000000459e+00
-1.946048700000000053e+01,-7.460155000000000314e+00
-1.942353200000000157e+01,-7.440241999999999578e+00
-1.938609699999999947e+01,-7.390742999999999618e+00
-1.936356400000000022e+01,-7.320819000000000187e+00
-1.935342999999999947e+01,-7.262210000000000498e+00
-1.936094899999999797e+01,-7.230216000000000420e+00
-1.937716899999999853e+01,-7.218710999999999878e+00
-1.939267900000000111e+01,-7.227056000000000147e+00
-1.940854299999999810e+01,-7.245460000000000456e+00
-1.942762600000000006e+01,-7.270192999999999017e+00
-1.943683100000000152e+01,-7.289652999999999494e+00
-1.942407000000000039e+01,-7.288997000000000170e+00
-1.940740399999999966e+01,-7.279491000000000156e+00
-1.939384800000000197e+01,-7.268097999999999281e+00
-1.937543499999999952e+01,-7.263300000000000090e+00
-1.935217300000000051e+01,-7.264163000000000814e+00
-1.932549099999999953e+01,-7.275055000000000049e+00
-1.929418199999999928e+01,-7.295403000000000304e+00
-1.926454700000000031e+01,-7.329617999999999078e+00
-1.921941199999999839e+01,-7.374871000000000620e+00
-1.915120100000000036e+01,-7.444557999999999787e+00
-1.905712699999999771e+01,-7.518680000000000696e+00
-1.894863299999999739e+01,-7.569578999999999169e+00
-1.885839299999999952e+01,-7.611580000000000013e+00
-1.879675699999999949e+01,-7.649888999999999939e+00
-1.875848599999999777e+01,-7.672227999999999604e+00
-1.868034700000000115e+01,-7.690566000000000457e+00
-1.849791099999999844e+01,-7.698314999999999131e+00
-1.826282300000000092e+01,-7.708703999999999112e+00
-1.802033799999999886e+01,-7.740163000000000793e+00
-1.779088199999999986e+01,-7.792488999999999777e+00
-1.761379200000000012e+01,-7.850160999999999945e+00
-1.751275300000000001e+01,-7.907947999999999311e+00
-1.747882300000000200e+01,-7.957768999999999870e+00
-1.746501900000000163e+01,-7.999511999999999290e+00
-1.741856199999999788e+01,-7.990103999999999651e+00
-1.730038599999999960e+01,-7.937183999999999351e+00
-1.712601499999999888e+01,-7.844144000000000005e+00
-1.694473599999999891e+01,-7.758711999999999165e+00
-1.678509100000000132e+01,-7.716835999999999807e+00
-1.666157199999999960e+01,-7.723457999999999934e+00
-1.658348799999999912e+01,-7.768695000000000128e+00
-1.653132099999999838e+01,-7.839300999999999853e+00
-1.650948700000000002e+01,-7.919367000000000267e+00
-1.650462699999999927e+01,-8.002905000000000157e+00
-1.651789899999999989e+01,-8.089897999999999811e+00
-1.654435300000000097e+01,-8.182755000000000223e+00
-1.656747800000000126e+01,-8.246783000000000641e+00
-1.659242599999999968e+01,-8.285581000000000529e+00
-1.660798299999999728e+01,-8.327348999999999890e+00
-1.660988000000000042e+01,-8.351547999999999305e+00
-1.659721599999999953e+01,-8.376950000000000784e+00
-1.658308599999999799e+01,-8.396684999999999732e+00
-1.657021500000000103e+01,-8.432446999999999804e+00
-1.655478900000000309e+01,-8.471888999999999115e+00
-1.652380400000000193e+01,-8.507578000000000529e+00
-1.648934200000000061e+01,-8.522986999999998758e+00
-1.645400599999999969e+01,-8.543314000000000519e+00
-1.643196299999999965e+01,-8.583677999999999031e+00
-1.641996599999999873e+01,-8.638352000000001141e+00
-1.639673999999999765e+01,-8.721392999999999063e+00
-1.635720799999999997e+01,-8.793349000000000970e+00
-1.629878599999999977e+01,-8.858551999999999538e+00
-1.624648999999999788e+01,-8.902938000000000685e+00
-1.620215599999999867e+01,-8.933778999999999471e+00
-1.615855400000000230e+01,-8.964570000000000149e+00
-1.611401000000000039e+01,-8.978733000000000075e+00
-1.602261499999999828e+01,-8.968139000000000749e+00
-1.586180599999999963e+01,-8.959728000000000137e+00
-1.566729899999999986e+01,-8.965796000000000987e+00
-1.546620799999999818e+01,-8.981025000000000702e+00
-1.525565300000000057e+01,-9.001225999999999061e+00
-1.501322399999999924e+01,-9.021827000000000041e+00
-1.466918200000000105e+01,-9.059953999999999397e+00
-1.410958800000000046e+01,-9.121047000000000793e+00
-1.321510799999999897e+01,-9.213892999999998779e+00
-1.201157599999999981e+01,-9.312400000000000233e+00
-1.060756199999999971e+01,-9.403271999999999409e+00
-9.083636000000000266e+00,-9.515660000000000451e+00
-7.558441000000000187e+00,-9.631096000000001212e+00
-6.117291000000000700e+00,-9.709248999999999796e+00
-4.779625000000000234e+00,-9.774071000000001064e+00
-3.529887999999999693e+00,-9.845221999999999696e+00
-2.371124000000000009e+00,-9.924402000000000612e+00
-1.376919000000000004e+00,-9.977608000000000033e+00
-5.858100000000000529e-01,-1.000880300000000034e+01
7.720299999999999385e-02,-1.007138300000000086e+01
6.370460000000000012e-01,-1.013735499999999945e+01
1.138468000000000035e+00,-1.019473900000000022e+01
1.678634999999999877e+00,-1.022299499999999917e+01
2.213834999999999997e+00,-1.021794199999999897e+01
2.720084999999999642e+00,-1.018314499999999967e+01
3.228191999999999950e+00,-1.013670300000000069e+01
3.717987000000000375e+00,-1.008177300000000010e+01
4.201518000000000086e+00,-1.001317899999999916e+01
4.678791999999999618e+00,-9.930652000000000257e+00
5.124577999999999633e+00,-9.823702000000000822e+00
5.522914000000000101e+00,-9.674993999999999872e+00
5.854945999999999984e+00,-9.511419000000000068e+00
6.088916000000000217e+00,-9.339580999999999023e+00
6.220055000000000334e+00,-9.149282000000001247e+00
6.262354000000000198e+00,-8.965213999999999572e+00
6.244621999999999673e+00,-8.817477999999999483e+00
6.201008999999999993e+00,-8.722725999999999758e+00
6.170524999999999594e+00,-8.705125999999999920e+00
6.150139000000000244e+00,-8.793241999999999337e+00
6.131759999999999877e+00,-8.953786000000000911e+00
6.088912999999999798e+00,-9.106624000000000052e+00
5.994123000000000090e+00,-9.188991999999998939e+00
5.841441000000000550e+00,-9.177882000000000318e+00
5.637152999999999636e+00,-9.100450999999999624e+00
5.390247000000000455e+00,-9.007197999999998927e+00
5.114994999999999514e+00,-8.934058000000000277e+00
4.844121000000000343e+00,-8.881703999999999155e+00
4.592469000000000356e+00,-8.874522000000000688e+00
4.406797000000000075e+00,-8.898757000000001582e+00
4.289977999999999625e+00,-8.947680000000000078e+00
4.225073000000000079e+00,-9.003875999999999991e+00
4.205801000000000123e+00,-9.071512000000000242e+00
4.199052000000000007e+00,-9.155975999999999004e+00
4.201603999999999672e+00,-9.244302000000001129e+00
4.207219999999999516e+00,-9.320451000000000263e+00
4.207780000000000520e+00,-9.388533000000000683e+00
4.212247000000000519e+00,-9.431758000000000308e+00
4.207633999999999652e+00,-9.455045000000000144e+00
4.187282999999999866e+00,-9.471429999999999794e+00
4.153908999999999629e+00,-9.490161000000000513e+00
4.103823999999999472e+00,-9.503429999999999822e+00
4.040453000000000294e+00,-9.507464000000000581e+00
3.979713999999999974e+00,-9.490914999999999324e+00
3.932734999999999648e+00,-9.469958000000000098e+00
3.900878000000000068e+00,-9.437650999999998902e+00
3.903154000000000234e+00,-9.386389999999998679e+00
3.957164000000000126e+00,-9.364147000000000887e+00
