3.225302999999999809e+00,-1.546859299999999848e+01
2.873315999999999981e+00,-1.530743800000000121e+01
2.668562000000000101e+00,-1.522409700000000043e+01
2.481921999999999962e+00,-1.513125199999999815e+01
2.304761999999999755e+00,-1.506898900000000197e+01
2.219473999999999947e+00,-1.504937600000000053e+01
2.070106000000000002e+00,-1.503512999999999877e+01
1.927449000000000190e+00,-1.504593299999999800e+01
1.779336999999999946e+00,-1.501138100000000009e+01
1.651415000000000077e+00,-1.496810100000000077e+01
1.545819000000000054e+00,-1.500461099999999881e+01
1.441178000000000070e+00,-1.513577199999999934e+01
1.319747999999999921e+00,-1.538295600000000007e+01
1.154898999999999898e+00,-1.582137999999999955e+01
9.446269999999999945e-01,-1.644819800000000143e+01
6.897640000000000438e-01,-1.726297399999999982e+01
3.698040000000000216e-01,-1.845551099999999778e+01
-3.290200000000000069e-02,-2.019463299999999961e+01
-5.476499999999999702e-01,-2.254254200000000097e+01
-1.204482999999999970e+00,-2.543978099999999998e+01
-2.011538000000000270e+00,-2.863084199999999768e+01
-2.929915999999999965e+00,-3.185866500000000201e+01
-3.782792999999999850e+00,-3.478122299999999711e+01
-4.433140999999999998e+00,-3.702795400000000114e+01
-4.899180999999999564e+00,-3.895544799999999697e+01
-5.222602999999999440e+00,-4.086731699999999989e+01
-5.469930999999999877e+00,-4.260362199999999433e+01
-5.621720999999999968e+00,-4.389489400000000074e+01
-5.685603999999999658e+00,-4.465839400000000126e+01
-5.742340000000000444e+00,-4.512289799999999929e+01
-5.788149999999999906e+00,-4.536188899999999791e+01
-5.814189999999999969e+00,-4.544462999999999653e+01
-5.844516000000000489e+00,-4.553879899999999736e+01
-5.865230999999999639e+00,-4.569731900000000024e+01
-5.820961000000000496e+00,-4.584463900000000081e+01
-5.725768000000000413e+00,-4.592638800000000288e+01
-5.605980999999999881e+00,-4.599719999999999942e+01
-5.515028000000000041e+00,-4.612431300000000078e+01
-5.449385999999999619e+00,-4.624663900000000183e+01
-5.405799000000000021e+00,-4.631676900000000074e+01
-5.422126999999999697e+00,-4.640123400000000231e+01
-5.498916999999999611e+00,-4.648082399999999836e+01
-5.619240000000000457e+00,-4.653099799999999675e+01
-5.777186000000000377e+00,-4.659669099999999986e+01
-5.941396000000000122e+00,-4.672514000000000323e+01
-6.092573999999999934e+00,-4.689310800000000512e+01
-6.220164999999999722e+00,-4.705116999999999905e+01
-6.338524999999999743e+00,-4.720915200000000311e+01
-6.414240000000000386e+00,-4.742104299999999739e+01
-6.399178000000000033e+00,-4.760240600000000200e+01
-6.354900999999999911e+00,-4.769316899999999748e+01
-6.280624999999999680e+00,-4.777812600000000032e+01
-6.169908000000000392e+00,-4.780248300000000228e+01
-6.031153999999999904e+00,-4.769800599999999946e+01
-5.892623000000000388e+00,-4.750267000000000195e+01
-5.785758000000000401e+00,-4.735254299999999716e+01
-5.710808000000000106e+00,-4.728465300000000582e+01
-5.704937999999999398e+00,-4.728691500000000048e+01
-5.739323999999999870e+00,-4.736954899999999924e+01
-5.774480999999999753e+00,-4.742706700000000097e+01
-5.822267000000000081e+00,-4.745465899999999948e+01
-5.859449999999999825e+00,-4.748121300000000389e+01
-5.906958000000000375e+00,-4.750368100000000027e+01
-5.962766000000000233e+00,-4.753464900000000171e+01
-6.021438999999999986e+00,-4.753063200000000421e+01
-6.055913999999999575e+00,-4.756892799999999966e+01
-6.086981999999999893e+00,-4.759969699999999904e+01
-6.079012999999999778e+00,-4.762240599999999802e+01
-6.073565000000000325e+00,-4.766933800000000332e+01
-6.078825000000000145e+00,-4.770656999999999925e+01
-6.105502999999999680e+00,-4.772373199999999827e+01
-6.143290000000000362e+00,-4.777057299999999884e+01
-6.150183000000000177e+00,-4.784073300000000017e+01
-6.139287999999999634e+00,-4.791648899999999855e+01
-6.116549000000000014e+00,-4.793178900000000198e+01
-6.063374999999999737e+00,-4.789415699999999987e+01
-5.976424999999999876e+00,-4.780915800000000360e+01
-5.862140000000000128e+00,-4.769145600000000229e+01
-5.661518000000000050e+00,-4.754987700000000217e+01
-5.316720000000000113e+00,-4.738926699999999670e+01
-4.838443999999999967e+00,-4.726859999999999928e+01
-4.314409999999999634e+00,-4.715883600000000087e+01
-3.835329000000000210e+00,-4.707650000000000290e+01
-3.510337999999999958e+00,-4.702573399999999992e+01
-3.364120999999999917e+00,-4.698527500000000146e+01
-3.378868000000000205e+00,-4.700997499999999718e+01
-3.534545999999999744e+00,-4.706162299999999732e+01
-3.704116000000000408e+00,-4.710677000000000447e+01
-3.894866000000000383e+00,-4.714673599999999709e+01
-4.072231999999999630e+00,-4.715183599999999586e+01
-4.225388999999999839e+00,-4.711825600000000236e+01
-4.329610999999999876e+00,-4.709152199999999766e+01
-4.354692000000000007e+00,-4.711334599999999995e+01
-4.353950000000000209e+00,-4.714095700000000022e+01
-4.302153999999999812e+00,-4.718357499999999760e+01
-4.256336000000000119e+00,-4.716873599999999556e+01
-4.236233000000000359e+00,-4.712770499999999885e+01
-4.207888999999999768e+00,-4.710284399999999749e+01
-4.162238999999999578e+00,-4.706074900000000127e+01
-4.113461000000000034e+00,-4.706719600000000270e+01
-4.035169999999999924e+00,-4.710486599999999413e+01
-3.961650000000000116e+00,-4.713697100000000262e+01
-3.926055999999999546e+00,-4.714696099999999745e+01
-3.941437000000000079e+00,-4.714715199999999840e+01
-3.962388999999999939e+00,-4.714773900000000140e+01
-3.968264000000000014e+00,-4.713748599999999556e+01
-3.957186000000000092e+00,-4.719136799999999710e+01
-3.935412999999999606e+00,-4.726473200000000219e+01
-3.897034999999999805e+00,-4.729857299999999753e+01
-3.871098999999999624e+00,-4.730712100000000220e+01
-3.897758999999999752e+00,-4.727773700000000190e+01
-3.920730000000000270e+00,-4.725349800000000045e+01
-3.932039000000000062e+00,-4.724623499999999865e+01
-3.911251000000000033e+00,-4.728491999999999962e+01
-3.913362000000000229e+00,-4.731393099999999663e+01
-3.908362999999999587e+00,-4.733066900000000032e+01
-3.925501999999999825e+00,-4.729944600000000321e+01
-3.926086000000000187e+00,-4.728274499999999847e+01
-3.955340000000000078e+00,-4.724126400000000103e+01
-3.956744999999999735e+00,-4.721994799999999515e+01
-3.964729000000000170e+00,-4.722987400000000235e+01
-3.972420999999999758e+00,-4.729191600000000051e+01
-4.003994999999999749e+00,-4.739254400000000089e+01
-4.083245999999999931e+00,-4.757012900000000144e+01
-4.212004000000000303e+00,-4.792374799999999624e+01
-4.417276999999999454e+00,-4.858416700000000077e+01
-4.751662000000000496e+00,-4.967471299999999701e+01
-5.128925999999999874e+00,-5.139803299999999808e+01
-5.490010999999999974e+00,-5.358696700000000135e+01
-5.721443999999999974e+00,-5.585260799999999648e+01
-5.688810000000000144e+00,-5.793078599999999767e+01
-5.421784999999999854e+00,-5.954723399999999600e+01
-5.084379000000000204e+00,-6.082072399999999845e+01
-4.730639000000000038e+00,-6.210270699999999522e+01
-4.382498000000000005e+00,-6.367745600000000650e+01
-4.015398000000000245e+00,-6.569970699999998942e+01
-3.602462999999999749e+00,-6.799571999999999150e+01
-3.240972000000000186e+00,-7.038549799999999834e+01
-3.101754000000000122e+00,-7.280008700000000488e+01
-3.448183999999999472e+00,-7.507178499999999133e+01
-4.425680000000000724e+00,-7.709550500000000284e+01
-6.249997000000000469e+00,-7.880653399999999920e+01
-8.795816000000000301e+00,-8.004401400000000422e+01
-1.157321899999999992e+01,-8.079989599999998973e+01
-1.373742000000000196e+01,-8.111756899999998893e+01
-1.508489100000000072e+01,-8.108892099999999914e+01
-1.532265600000000028e+01,-8.097437299999999993e+01
-1.470443900000000070e+01,-8.097014599999999973e+01
-1.380621000000000009e+01,-8.120578000000000429e+01
-1.285939299999999896e+01,-8.150786600000000703e+01
-1.157538899999999948e+01,-8.168877399999999511e+01
-9.922180000000000888e+00,-8.160360000000000014e+01
-7.757886000000000060e+00,-8.123838000000000648e+01
-4.552912999999999322e+00,-8.054788200000000131e+01
-3.190080000000000138e-01,-7.943756899999999632e+01
5.054997000000000185e+00,-7.796462199999999143e+01
1.144008700000000012e+01,-7.597180899999999326e+01
1.832512300000000138e+01,-7.320769500000000107e+01
2.511583500000000058e+01,-6.975056500000000881e+01
3.164639699999999678e+01,-6.581954199999999844e+01
3.804352199999999584e+01,-6.168877400000000222e+01
4.459556599999999804e+01,-5.774680299999999988e+01
5.125078200000000095e+01,-5.406809599999999705e+01
5.756170699999999840e+01,-5.065116900000000300e+01
6.325213600000000014e+01,-4.744316099999999636e+01
6.818361699999999814e+01,-4.431581099999999651e+01
7.227216300000000615e+01,-4.106949999999999790e+01
7.554971299999999701e+01,-3.765424000000000149e+01
7.813856499999999983e+01,-3.439502000000000237e+01
8.013583400000000267e+01,-3.139195399999999836e+01
8.169458000000000197e+01,-2.862156699999999887e+01
8.322766099999999767e+01,-2.612558900000000150e+01
8.488655899999999122e+01,-2.359544400000000053e+01
8.692148600000000158e+01,-2.107066499999999820e+01
8.948705300000000307e+01,-1.863629899999999751e+01
9.250185400000000868e+01,-1.624020400000000208e+01
9.562300100000000214e+01,-1.400403299999999795e+01
9.838831299999999658e+01,-1.170932200000000023e+01
1.003766250000000042e+02,-9.086933000000000149e+00
1.014318699999999893e+02,-5.952278999999999876e+00
1.019802320000000009e+02,-2.513100000000000112e+00
1.023769149999999968e+02,1.292471999999999843e+00
1.030445709999999906e+02,5.367178000000000004e+00
1.042475890000000049e+02,9.462492999999998489e+00
1.058244550000000004e+02,1.345730000000000004e+01
1.073471449999999976e+02,1.731906499999999838e+01
1.083629840000000115e+02,2.099127599999999916e+01
1.087409520000000072e+02,2.439757200000000026e+01
1.084443049999999999e+02,2.753175500000000042e+01
1.075402220000000000e+02,3.046661199999999781e+01
1.062935790000000083e+02,3.338843500000000120e+01
1.048204879999999974e+02,3.623662600000000111e+01
1.032411799999999999e+02,3.905889899999999670e+01
1.013402329999999978e+02,4.179590600000000222e+01
9.885205100000000300e+01,4.423181900000000155e+01
9.597631800000000624e+01,4.653489299999999673e+01
9.311653100000000904e+01,4.881439600000000212e+01
9.064283799999999758e+01,5.111308700000000016e+01
8.844295499999999777e+01,5.348670600000000519e+01
8.629220600000000729e+01,5.586455500000000285e+01
8.398102599999999995e+01,5.810858900000000204e+01
8.121665199999999629e+01,6.014351700000000278e+01
7.843076299999999890e+01,6.191436800000000318e+01
7.577999100000000965e+01,6.356772199999999629e+01
7.294956200000000024e+01,6.495459699999999259e+01
6.997964499999999077e+01,6.604167900000000202e+01
6.697866100000000245e+01,6.695359000000000549e+01
6.426036100000000317e+01,6.779740900000000181e+01
6.196000699999999739e+01,6.843911700000001019e+01
6.003673599999999766e+01,6.876429000000000258e+01
5.864874300000000318e+01,6.882495099999999866e+01
5.755960500000000479e+01,6.885806300000000135e+01
5.656797800000000365e+01,6.884214799999999457e+01
5.548699200000000076e+01,6.880562600000000373e+01
5.430036899999999633e+01,6.875080900000000383e+01
5.307183500000000009e+01,6.864167799999999886e+01
5.177489899999999778e+01,6.845829799999999921e+01
5.037762800000000141e+01,6.825735500000000400e+01
4.892561299999999846e+01,6.803452299999999298e+01
4.737820399999999665e+01,6.781354499999999064e+01
4.562001400000000473e+01,6.754518900000000770e+01
4.349018499999999676e+01,6.721131899999998893e+01
4.063452900000000056e+01,6.673912800000000800e+01
3.678838300000000316e+01,6.595676400000000683e+01
3.256402599999999836e+01,6.485991700000001003e+01
2.867358799999999874e+01,6.369331400000000087e+01
2.539765500000000031e+01,6.249346500000000049e+01
2.270288299999999992e+01,6.131336199999999792e+01
2.051870199999999755e+01,6.018972399999999823e+01
1.881921000000000177e+01,5.916081999999999397e+01
1.751979599999999948e+01,5.824436200000000241e+01
1.652654100000000170e+01,5.747030300000000125e+01
1.579733200000000082e+01,5.683667800000000625e+01
1.528749500000000161e+01,5.630837199999999854e+01
1.494149100000000097e+01,5.582941100000000034e+01
1.468084599999999895e+01,5.546326400000000234e+01
1.439956000000000103e+01,5.518108000000000146e+01
1.418090600000000023e+01,5.485332900000000222e+01
1.388834800000000058e+01,5.446564100000000508e+01
1.337994599999999856e+01,5.399272500000000008e+01
1.247927299999999917e+01,5.346049499999999455e+01
1.092318799999999968e+01,5.281280500000000444e+01
8.920529000000000153e+00,5.202756899999999973e+01
6.523451999999999806e+00,5.124857700000000449e+01
3.666073000000000359e+00,5.059077500000000072e+01
3.345719999999999805e-01,5.011241500000000570e+01
-3.651276000000000188e+00,4.978856999999999999e+01
-8.764172999999999547e+00,4.947578400000000443e+01
-1.580668800000000118e+01,4.885705899999999957e+01
-2.445229300000000094e+01,4.768246800000000007e+01
-3.358101699999999568e+01,4.597136700000000076e+01
-4.219439699999999505e+01,4.394888300000000214e+01
-4.958360300000000365e+01,4.181505200000000144e+01
-5.543251000000000062e+01,3.984833499999999873e+01
-5.989868900000000451e+01,3.811799200000000098e+01
-6.332753399999999999e+01,3.650837299999999885e+01
-6.610944399999999632e+01,3.494360000000000355e+01
-6.840818799999999555e+01,3.318331099999999623e+01
-7.039718600000000492e+01,3.098798200000000236e+01
-7.238376600000000849e+01,2.795084999999999908e+01
-7.472587599999999952e+01,2.395693200000000189e+01
-7.734676400000000740e+01,1.939105799999999746e+01
-7.980393199999998899e+01,1.478833999999999982e+01
-8.192857399999999757e+01,1.039954799999999935e+01
-8.362704499999999541e+01,6.077391999999999683e+00
-8.493309000000000708e+01,1.721045999999999854e+00
-8.600582900000000564e+01,-2.727491000000000110e+00
-8.707387500000000102e+01,-7.232922999999999547e+00
-8.814936099999999897e+01,-1.163112800000000036e+01
-8.910743000000000791e+01,-1.556901500000000027e+01
-9.001545699999999783e+01,-1.865970400000000140e+01
-9.076522800000000757e+01,-2.116303999999999874e+01
-9.110586500000000854e+01,-2.314720200000000006e+01
-9.103936800000001028e+01,-2.463671899999999937e+01
-9.054198499999999683e+01,-2.569545199999999952e+01
-8.989590499999999906e+01,-2.635128800000000027e+01
-8.914671300000000542e+01,-2.679315800000000181e+01
-8.814615600000000484e+01,-2.713629000000000246e+01
-8.687771600000000660e+01,-2.736420100000000133e+01
-8.512886800000001131e+01,-2.766836199999999835e+01
-8.254352599999999995e+01,-2.805256800000000084e+01
-7.917450699999999131e+01,-2.847072800000000115e+01
-7.537344399999999212e+01,-2.891151599999999888e+01
-7.149086800000000608e+01,-2.925513300000000072e+01
-6.799559000000000708e+01,-2.959822299999999728e+01
-6.522668500000000336e+01,-2.990176199999999795e+01
-6.325311299999999903e+01,-3.017399600000000248e+01
-6.181614300000000384e+01,-3.041790399999999650e+01
-6.079557400000000200e+01,-3.051263599999999698e+01
-6.016584000000000287e+01,-3.041977899999999835e+01
-5.982394800000000146e+01,-3.014905900000000116e+01
-5.980249399999999582e+01,-2.980248300000000228e+01
-6.019366500000000286e+01,-2.950405699999999953e+01
-6.077646299999999968e+01,-2.925182199999999710e+01
-6.130112099999999486e+01,-2.912507800000000202e+01
-6.161746999999999730e+01,-2.908465800000000101e+01
-6.168700400000000172e+01,-2.904500600000000077e+01
-6.153387099999999776e+01,-2.901960200000000256e+01
-6.115790899999999652e+01,-2.896828800000000115e+01
-6.049960699999999747e+01,-2.891329000000000349e+01
-5.951206999999999425e+01,-2.877911900000000145e+01
-5.823807900000000615e+01,-2.865935699999999997e+01
-5.664490899999999840e+01,-2.876024199999999809e+01
-5.441722500000000196e+01,-2.913970399999999827e+01
-5.118682100000000190e+01,-2.989071699999999865e+01
-4.700439500000000237e+01,-3.072530900000000287e+01
-4.248716399999999993e+01,-3.114114600000000266e+01
-3.840144000000000091e+01,-3.111817700000000286e+01
-3.539869699999999852e+01,-3.101743700000000104e+01
-3.403347399999999823e+01,-3.108443099999999859e+01
-3.424607499999999760e+01,-3.145807100000000034e+01
-3.556986200000000053e+01,-3.194150499999999937e+01
-3.774925199999999847e+01,-3.239238399999999984e+01
-4.057344799999999907e+01,-3.283903899999999965e+01
-4.399457899999999455e+01,-3.315916099999999744e+01
-4.792350400000000121e+01,-3.334960200000000441e+01
-5.200040399999999607e+01,-3.354091999999999985e+01
-5.582315400000000238e+01,-3.375030499999999734e+01
-5.928107800000000083e+01,-3.395463900000000024e+01
-6.223066700000000395e+01,-3.409428799999999882e+01
-6.437307699999999500e+01,-3.417417100000000119e+01
-6.579547900000000027e+01,-3.413145099999999843e+01
-6.679283100000000672e+01,-3.406848899999999958e+01
-6.754369399999998791e+01,-3.401835300000000473e+01
-6.823257399999999961e+01,-3.399215699999999885e+01
-6.880442800000000148e+01,-3.399276400000000109e+01
-6.919812799999999697e+01,-3.392436200000000213e+01
-6.944828800000000513e+01,-3.384346000000000032e+01
-6.949974799999999675e+01,-3.377132800000000401e+01
-6.931886300000000745e+01,-3.365060400000000129e+01
-6.874274399999998764e+01,-3.348452000000000339e+01
-6.700036599999999964e+01,-3.333838699999999733e+01
-6.332332600000000156e+01,-3.317458299999999838e+01
-5.771818199999999166e+01,-3.284948299999999932e+01
-5.122460600000000142e+01,-3.215984699999999918e+01
-4.533227199999999613e+01,-3.120783400000000185e+01
-4.143737000000000137e+01,-3.037921899999999908e+01
-3.964488200000000262e+01,-3.002054199999999895e+01
-3.960189099999999485e+01,-3.028720999999999819e+01
-4.096790299999999974e+01,-3.104784000000000077e+01
-4.337938700000000125e+01,-3.206845500000000015e+01
-4.668839600000000445e+01,-3.301022299999999632e+01
-5.062299300000000102e+01,-3.360782199999999875e+01
-5.486657699999999949e+01,-3.374480799999999903e+01
-5.910757099999999298e+01,-3.356481899999999996e+01
-6.299750899999999376e+01,-3.332454699999999548e+01
-6.652365100000000098e+01,-3.308774600000000277e+01
-6.980234499999998832e+01,-3.290953400000000073e+01
-7.283966099999999244e+01,-3.281463200000000313e+01
-7.542943599999999549e+01,-3.274246199999999618e+01
-7.729139700000000346e+01,-3.268796500000000549e+01
-7.811021399999999915e+01,-3.250772100000000364e+01
-7.781818400000000224e+01,-3.219442399999999793e+01
-7.628652999999999906e+01,-3.193234099999999742e+01
-7.351652500000000146e+01,-3.166318300000000008e+01
-6.960947400000000584e+01,-3.140826799999999963e+01
-6.457954399999999850e+01,-3.118855499999999736e+01
-5.896403100000000563e+01,-3.103105900000000261e+01
-5.308479699999999468e+01,-3.100015100000000245e+01
-4.740837499999999949e+01,-3.103415300000000343e+01
-4.239965399999999818e+01,-3.113595000000000113e+01
-3.810905100000000090e+01,-3.123575599999999852e+01
-3.467253499999999633e+01,-3.135530499999999776e+01
-3.194714199999999948e+01,-3.151984600000000114e+01
-2.976716599999999602e+01,-3.167042000000000002e+01
-2.815257100000000179e+01,-3.180465700000000240e+01
-2.685460499999999939e+01,-3.191374799999999823e+01
-2.558172000000000068e+01,-3.195366100000000031e+01
-2.415834200000000109e+01,-3.193323300000000131e+01
-2.248636099999999871e+01,-3.180716900000000180e+01
-2.079498699999999900e+01,-3.160268200000000149e+01
-1.908008599999999788e+01,-3.144062000000000268e+01
-1.735173599999999894e+01,-3.135233300000000156e+01
-1.574308599999999814e+01,-3.124273099999999914e+01
-1.408702100000000002e+01,-3.114538400000000351e+01
-1.229052500000000059e+01,-3.108950000000000102e+01
-1.056095399999999884e+01,-3.107026500000000269e+01
-8.993793000000000148e+00,-3.104984099999999714e+01
-7.646360999999999741e+00,-3.097410599999999903e+01
-6.581742999999999455e+00,-3.095190399999999897e+01
-5.815568999999999988e+00,-3.099376900000000035e+01
-5.365585000000000271e+00,-3.107589699999999766e+01
-5.175342999999999805e+00,-3.127393300000000309e+01
-5.124378000000000100e+00,-3.155602999999999980e+01
-5.168506999999999962e+00,-3.184477199999999897e+01
-5.278378000000000014e+00,-3.216094600000000270e+01
-5.396245999999999654e+00,-3.260895200000000216e+01
-5.527441999999999744e+00,-3.334935399999999817e+01
-5.686287999999999343e+00,-3.465108899999999892e+01
-5.916005999999999432e+00,-3.666207100000000452e+01
-6.243001999999999718e+00,-3.935776899999999756e+01
-6.524223000000000106e+00,-4.261968600000000151e+01
-6.676665999999999990e+00,-4.579504399999999720e+01
-6.711993999999999794e+00,-4.815213800000000077e+01
-6.421648000000000245e+00,-4.949065399999999926e+01
-5.715157999999999738e+00,-5.012001800000000173e+01
-4.732618000000000436e+00,-5.040859199999999873e+01
-3.561800999999999995e+00,-5.046283700000000039e+01
-2.365438999999999847e+00,-5.036859499999999912e+01
-1.274573999999999874e+00,-5.020351399999999842e+01
-3.267849999999999921e-01,-4.996388999999999925e+01
4.323770000000000668e-01,-4.967697499999999877e+01
1.000215999999999994e+00,-4.939451999999999998e+01
1.378176000000000068e+00,-4.907841899999999669e+01
1.619116000000000000e+00,-4.871443599999999918e+01
1.772966999999999738e+00,-4.834661499999999990e+01
1.827672999999999881e+00,-4.801610200000000361e+01
1.809372000000000202e+00,-4.779241199999999878e+01
1.719570000000000043e+00,-4.761310600000000193e+01
1.574929000000000023e+00,-4.751920700000000153e+01
1.390066000000000024e+00,-4.754273200000000088e+01
1.201662000000000008e+00,-4.759260199999999941e+01
1.019147999999999943e+00,-4.763289300000000281e+01
8.718839999999999923e-01,-4.766366200000000219e+01
8.006409999999999361e-01,-4.766765999999999792e+01
8.361209999999998921e-01,-4.763216800000000006e+01
1.026055999999999857e+00,-4.760834099999999580e+01
1.295871999999999913e+00,-4.760084899999999664e+01
1.586854999999999905e+00,-4.760221899999999806e+01
1.846943999999999919e+00,-4.759204899999999583e+01
2.024798000000000098e+00,-4.752062600000000003e+01
2.124449000000000254e+00,-4.745683300000000315e+01
2.133680000000000021e+00,-4.742026099999999644e+01
2.094736999999999849e+00,-4.737408400000000341e+01
2.038336000000000148e+00,-4.730105999999999966e+01
2.024999999999999911e+00,-4.713766500000000548e+01
2.108665000000000234e+00,-4.689175800000000294e+01
2.265747000000000178e+00,-4.652047699999999963e+01
2.565691999999999862e+00,-4.595856899999999712e+01
3.024474000000000107e+00,-4.536762999999999835e+01
3.612159999999999815e+00,-4.489412300000000045e+01
4.288673999999999431e+00,-4.457150999999999641e+01
5.007946999999999704e+00,-4.443787000000000376e+01
5.707097000000000087e+00,-4.448167399999999816e+01
6.324862000000000428e+00,-4.460667800000000227e+01
6.787724000000000757e+00,-4.474582300000000146e+01
7.134047999999999945e+00,-4.483333199999999863e+01
7.351277999999999757e+00,-4.490697500000000275e+01
7.450644000000000489e+00,-4.495415500000000009e+01
7.442914000000000030e+00,-4.492398099999999772e+01
7.374564000000000341e+00,-4.485979499999999831e+01
7.255033000000000065e+00,-4.476923000000000030e+01
7.107085000000000541e+00,-4.470557399999999859e+01
6.960528000000000048e+00,-4.466992199999999968e+01
6.817050999999999306e+00,-4.470225500000000096e+01
6.608482000000000411e+00,-4.483979799999999472e+01
6.302431999999999590e+00,-4.505452700000000021e+01
5.870593000000000394e+00,-4.538156899999999894e+01
5.310508999999999702e+00,-4.586151900000000126e+01
4.637115000000000542e+00,-4.646970400000000012e+01
3.854057000000000066e+00,-4.731097400000000164e+01
2.876595999999999709e+00,-4.856724499999999978e+01
1.610545000000000115e+00,-5.017660899999999913e+01
1.067599999999999973e-02,-5.172179000000000570e+01
-1.701206999999999914e+00,-5.271017099999999544e+01
-3.263859000000000066e+00,-5.328646099999999564e+01
-4.470066000000000095e+00,-5.371730799999999562e+01
-5.159434000000000076e+00,-5.411973199999999196e+01
-5.367564999999999920e+00,-5.450496700000000772e+01
-5.111603999999999814e+00,-5.472180600000000794e+01
-4.518594999999999473e+00,-5.474128000000000327e+01
-3.820019999999999527e+00,-5.461596700000000482e+01
-3.139399000000000051e+00,-5.439884599999999892e+01
-2.601509999999999767e+00,-5.411599300000000312e+01
-2.280143999999999949e+00,-5.395263299999999873e+01
-2.180454000000000114e+00,-5.403829999999999956e+01
-2.329768000000000061e+00,-5.426655999999999835e+01
-2.627834999999999699e+00,-5.451112700000000189e+01
-2.920406999999999975e+00,-5.481546399999999863e+01
-3.226354999999999862e+00,-5.524389300000000702e+01
-3.485123000000000193e+00,-5.594925699999999580e+01
-3.526780000000000470e+00,-5.706808900000000051e+01
-3.423764999999999947e+00,-5.861803100000000910e+01
-3.238754000000000133e+00,-6.071748399999999890e+01
-2.800784000000000162e+00,-6.343331500000000034e+01
-1.997072999999999876e+00,-6.650350999999999146e+01
-1.074689000000000005e+00,-6.936679800000000284e+01
-3.517409999999999703e-01,-7.178743000000000052e+01
1.211309999999999887e-01,-7.375445600000000468e+01
2.288530000000000286e-01,-7.512196400000000551e+01
1.142470000000000013e-01,-7.580802900000000477e+01
1.488300000000000040e-02,-7.603482800000000452e+01
-2.186150000000000038e-01,-7.611145799999999895e+01
6.802899999999999225e-02,-7.629830200000000673e+01
1.524014999999999898e+00,-7.670683299999998894e+01
3.851442000000000032e+00,-7.726916500000000099e+01
6.561169999999999725e+00,-7.781385799999999620e+01
9.295365999999999573e+00,-7.823954000000000519e+01
1.151823899999999945e+01,-7.852093499999999437e+01
1.314512000000000036e+01,-7.876400799999998981e+01
1.443888500000000086e+01,-7.908998900000000276e+01
1.539745600000000003e+01,-7.942453000000000429e+01
1.631851400000000041e+01,-7.967923000000000400e+01
1.707923500000000061e+01,-7.981587199999999882e+01
1.760607900000000114e+01,-7.991818999999999562e+01
1.803439900000000051e+01,-8.010229499999999803e+01
1.827141600000000210e+01,-8.042700999999999567e+01
1.799201599999999956e+01,-8.096408100000000729e+01
1.698238200000000120e+01,-8.167021899999998880e+01
1.474937100000000001e+01,-8.244522099999998943e+01
1.227564600000000006e+01,-8.321601099999999462e+01
1.017222899999999974e+01,-8.395838899999999683e+01
8.943573999999999913e+00,-8.464822399999999902e+01
9.712057000000001494e+00,-8.530744900000000541e+01
1.345403599999999855e+01,-8.606582600000000127e+01
2.130955300000000108e+01,-8.692679599999999596e+01
3.520912599999999770e+01,-8.777337599999999895e+01
5.902402900000000585e+01,-8.839578199999999697e+01
8.905980699999999217e+01,-8.863620799999999633e+01
1.124123610000000042e+02,-8.863482700000000136e+01
1.223238449999999915e+02,-8.862430600000000425e+01
1.191628270000000072e+02,-8.868504300000000740e+01
1.001984790000000061e+02,-8.853730000000000189e+01
7.150573699999999633e+01,-8.746107499999999391e+01
5.649925199999999847e+01,-8.493561600000001022e+01
5.238589100000000087e+01,-8.192862700000000586e+01
5.406612800000000618e+01,-7.957478299999999649e+01
5.862768199999999297e+01,-7.825922400000000323e+01
6.369015100000000018e+01,-7.764165500000000009e+01
6.777571899999999516e+01,-7.741056100000000129e+01
6.992866500000000940e+01,-7.739965800000000229e+01
7.058593000000000472e+01,-7.754984300000000985e+01
7.051732599999999707e+01,-7.793585999999999103e+01
6.993788899999999842e+01,-7.844435899999999151e+01
6.918855299999999886e+01,-7.886341899999999328e+01
6.814692700000000514e+01,-7.918284599999999784e+01
6.726927200000000084e+01,-7.937233000000000516e+01
6.670288800000000151e+01,-7.957860600000000773e+01
6.671193700000000604e+01,-7.990825699999999188e+01
6.740429699999999968e+01,-8.046786500000000331e+01
6.918344899999999598e+01,-8.142733800000000599e+01
7.318336500000000910e+01,-8.295826700000000642e+01
8.332852199999999243e+01,-8.497962199999999200e+01
1.067627179999999925e+02,-8.678849800000000414e+01
1.477840120000000184e+02,-8.751763900000000262e+01
-1.771430969999999832e+02,-8.711123700000000269e+01
-1.592764129999999909e+02,-8.638118699999999706e+01
-1.508431699999999864e+02,-8.571508000000000038e+01
-1.479396059999999977e+02,-8.530677000000000021e+01
-1.486171879999999987e+02,-8.536472299999999791e+01
-1.519143370000000175e+02,-8.582899499999999193e+01
-1.577111969999999985e+02,-8.631758899999999812e+01
-1.652874449999999911e+02,-8.657296800000000303e+01
-1.728289340000000038e+02,-8.669944800000000384e+01
1.799219669999999951e+02,-8.687757899999999722e+01
1.732564390000000003e+02,-8.711653100000000904e+01
1.666311489999999935e+02,-8.738919099999999673e+01
1.610097499999999968e+02,-8.754161799999999971e+01
1.591522669999999948e+02,-8.751640299999999684e+01
1.592354579999999942e+02,-8.742360699999998985e+01
1.572046809999999937e+02,-8.745489499999999339e+01
1.501069639999999765e+02,-8.768344899999999598e+01
1.331580960000000005e+02,-8.798062900000000752e+01
1.012513730000000010e+02,-8.795130899999999485e+01
7.267158499999999322e+01,-8.702963299999998981e+01
5.863835899999999413e+01,-8.531000500000000386e+01
5.297730300000000625e+01,-8.301363399999999615e+01
5.085979099999999420e+01,-8.019285600000000613e+01
5.059611100000000050e+01,-7.703858199999999101e+01
5.152111099999999766e+01,-7.366856400000000349e+01
5.337635400000000629e+01,-7.007641600000000892e+01
5.552532199999999563e+01,-6.619750200000000007e+01
5.742994699999999852e+01,-6.243331099999999623e+01
5.891236099999999709e+01,-5.912321099999999774e+01
5.982805300000000415e+01,-5.630201700000000642e+01
6.013720299999999952e+01,-5.387369499999999789e+01
5.992620799999999548e+01,-5.169644900000000121e+01
5.917946999999999491e+01,-4.973753699999999611e+01
5.796339799999999798e+01,-4.790026500000000453e+01
5.628660600000000613e+01,-4.609087000000000245e+01
5.432572900000000260e+01,-4.423485600000000062e+01
5.219699500000000114e+01,-4.223693499999999545e+01
5.003556799999999782e+01,-4.015725700000000131e+01
4.787517899999999571e+01,-3.798604999999999876e+01
4.567499199999999604e+01,-3.579476500000000527e+01
4.353307699999999869e+01,-3.373476399999999842e+01
4.139087700000000325e+01,-3.176795399999999958e+01
3.920314799999999877e+01,-2.964617499999999950e+01
3.696917299999999784e+01,-2.747020900000000410e+01
3.480431399999999798e+01,-2.536069700000000182e+01
3.265027199999999397e+01,-2.341399600000000092e+01
3.050495499999999893e+01,-2.148647899999999922e+01
2.838045499999999777e+01,-1.962902099999999805e+01
2.619010899999999964e+01,-1.768926799999999844e+01
2.388419000000000025e+01,-1.563659800000000111e+01
2.153503200000000106e+01,-1.356259200000000043e+01
1.925144599999999784e+01,-1.158497899999999881e+01
1.709463500000000025e+01,-9.718567000000000178e+00
1.506263599999999947e+01,-7.880917999999999424e+00
1.313395199999999896e+01,-6.029026999999999248e+00
1.129786799999999936e+01,-4.059262000000000370e+00
9.452582000000001372e+00,-2.013549999999999951e+00
7.626482000000001094e+00,1.181660000000000071e-01
5.838341999999999921e+00,2.143027999999999711e+00
4.121866999999999948e+00,4.099976999999999983e+00
2.497244999999999937e+00,5.900459999999999816e+00
1.079228999999999994e+00,7.629839999999999733e+00
-5.170900000000000496e-02,9.411242999999998915e+00
-9.130450000000001065e-01,1.153919999999999924e+01
-1.531437999999999855e+00,1.406955700000000142e+01
-1.998677999999999955e+00,1.647523100000000085e+01
-2.498816999999999844e+00,1.832345799999999869e+01
-3.020702999999999694e+00,1.958149099999999976e+01
-3.463405999999999985e+00,2.031315400000000082e+01
-3.800115000000000354e+00,2.051632700000000042e+01
-4.015913999999999540e+00,2.024601400000000240e+01
-4.123143999999999920e+00,1.960133599999999987e+01
-4.153977999999999504e+00,1.863592699999999880e+01
-4.138355999999999923e+00,1.737508400000000108e+01
-4.078566000000000358e+00,1.574984500000000054e+01
-3.947489000000000026e+00,1.365062499999999979e+01
-3.754994000000000387e+00,1.112237299999999962e+01
-3.530401999999999596e+00,8.087342999999998838e+00
-3.277740000000000098e+00,4.465912999999999577e+00
-2.992135999999999907e+00,1.626529999999999920e-01
-2.727265000000000050e+00,-4.505780000000000562e+00
-2.485222999999999960e+00,-9.010120000000000573e+00
-2.172902999999999807e+00,-1.247904100000000049e+01
-1.733767999999999976e+00,-1.453366300000000066e+01
-1.236779000000000073e+00,-1.585374000000000017e+01
-7.637899999999999689e-01,-1.703722999999999743e+01
-4.471899999999999764e-01,-1.818285600000000102e+01
-2.919930000000000025e-01,-1.942196099999999959e+01
-2.174050000000000149e-01,-2.060823800000000006e+01
-2.692809999999999926e-01,-2.178052500000000080e+01
-4.576590000000000380e-01,-2.291826199999999858e+01
-7.584549999999999903e-01,-2.402130299999999963e+01
-1.191265000000000018e+00,-2.506146599999999935e+01
-1.688784999999999759e+00,-2.593051099999999920e+01
-2.184100999999999626e+00,-2.672799499999999995e+01
-2.717493999999999854e+00,-2.756703900000000118e+01
-3.293397000000000130e+00,-2.844857199999999864e+01
-3.767981999999999942e+00,-2.946622100000000088e+01
-4.125494999999999912e+00,-3.065711399999999998e+01
-4.384081000000000117e+00,-3.221579400000000248e+01
-4.538591000000000264e+00,-3.438497900000000129e+01
-4.769556999999999825e+00,-3.695542899999999520e+01
-5.213354999999999961e+00,-3.953794099999999645e+01
-5.800955000000000084e+00,-4.185171100000000166e+01
-6.469011000000000067e+00,-4.332852899999999607e+01
-7.094221000000000998e+00,-4.405736199999999769e+01
-7.559574000000000460e+00,-4.445388799999999918e+01
-7.832097999999999338e+00,-4.459588600000000014e+01
-7.979153000000000162e+00,-4.460183699999999618e+01
-7.960755000000000692e+00,-4.453162000000000376e+01
-7.786488999999999550e+00,-4.442486599999999441e+01
-7.512674999999999770e+00,-4.427226300000000236e+01
-7.202089999999999215e+00,-4.402534099999999739e+01
-6.977389999999999759e+00,-4.361488299999999896e+01
-6.974124000000000656e+00,-4.299390400000000056e+01
-7.360211999999999755e+00,-4.219805900000000065e+01
-8.333852999999999511e+00,-4.127430300000000329e+01
-1.006369499999999917e+01,-4.037527800000000155e+01
-1.266539900000000074e+01,-3.957152199999999453e+01
-1.586254899999999957e+01,-3.886840399999999818e+01
-1.929932200000000009e+01,-3.827983499999999850e+01
-2.256278200000000211e+01,-3.783458699999999908e+01
-2.535374299999999792e+01,-3.748085400000000078e+01
-2.757629799999999776e+01,-3.717098200000000219e+01
-2.919936599999999771e+01,-3.685596799999999718e+01
-3.026804500000000075e+01,-3.642075300000000482e+01
-3.098549500000000023e+01,-3.591412000000000404e+01
-3.135736999999999952e+01,-3.537502700000000289e+01
-3.141098400000000268e+01,-3.479870999999999981e+01
-3.116642399999999924e+01,-3.423376500000000533e+01
-3.029365499999999756e+01,-3.372306100000000129e+01
-2.819510300000000314e+01,-3.323126200000000097e+01
-2.466141700000000014e+01,-3.269797899999999657e+01
-2.031488200000000077e+01,-3.220732100000000031e+01
-1.577984999999999971e+01,-3.176112700000000189e+01
-1.157368899999999989e+01,-3.145870000000000033e+01
-8.077247999999999095e+00,-3.143074999999999974e+01
-5.376179000000000485e+00,-3.158731699999999876e+01
-3.288616999999999901e+00,-3.180219799999999708e+01
-1.641418999999999961e+00,-3.202198800000000034e+01
-3.540070000000000161e-01,-3.216812099999999930e+01
6.685220000000000606e-01,-3.229732899999999773e+01
1.515454000000000079e+00,-3.236230900000000332e+01
2.212043999999999677e+00,-3.237802100000000394e+01
2.680881000000000292e+00,-3.243440199999999862e+01
2.891944000000000070e+00,-3.250911299999999926e+01
2.838423000000000140e+00,-3.257870100000000235e+01
2.555860000000000021e+00,-3.270442599999999800e+01
2.117598000000000091e+00,-3.288486100000000079e+01
1.583593999999999946e+00,-3.305193700000000234e+01
1.026758000000000060e+00,-3.325279600000000357e+01
5.438060000000000116e-01,-3.343828599999999796e+01
1.999489999999999879e-01,-3.358183300000000315e+01
7.222000000000000121e-03,-3.371397400000000033e+01
-3.084100000000000383e-02,-3.382901799999999781e+01
7.673599999999999866e-02,-3.393676800000000071e+01
2.941869999999999763e-01,-3.401969099999999457e+01
5.853859999999999619e-01,-3.411851899999999915e+01
8.989659999999999318e-01,-3.424631500000000273e+01
1.185092999999999952e+00,-3.435661699999999996e+01
1.408655999999999908e+00,-3.442572799999999944e+01
1.536146999999999929e+00,-3.446939499999999867e+01
1.566581000000000001e+00,-3.447275199999999984e+01
1.515943999999999958e+00,-3.440767699999999962e+01
1.406949999999999923e+00,-3.437364600000000081e+01
1.258942999999999923e+00,-3.444117399999999662e+01
1.087247999999999992e+00,-3.452866399999999913e+01
9.110590000000000632e-01,-3.460954699999999917e+01
7.536890000000000533e-01,-3.469275700000000029e+01
6.289359999999999395e-01,-3.475345599999999990e+01
5.312120000000000175e-01,-3.481094399999999922e+01
4.887479999999999603e-01,-3.488802299999999690e+01
4.820430000000000548e-01,-3.492504100000000022e+01
5.013999999999999568e-01,-3.491803400000000579e+01
5.415949999999999376e-01,-3.491120099999999837e+01
5.658830000000000249e-01,-3.488713099999999656e+01
5.700810000000000599e-01,-3.488536500000000018e+01
5.679149999999999476e-01,-3.487563300000000055e+01
5.496670000000000167e-01,-3.493188099999999707e+01
5.189150000000000151e-01,-3.494065100000000257e+01
4.860430000000000028e-01,-3.490246199999999988e+01
4.519430000000000391e-01,-3.485188300000000083e+01
4.274789999999999979e-01,-3.480407299999999537e+01
4.242109999999999492e-01,-3.477859500000000281e+01
4.374359999999999915e-01,-3.471824300000000108e+01
4.742020000000000679e-01,-3.464983000000000146e+01
5.427060000000000217e-01,-3.457580600000000004e+01
6.294750000000000068e-01,-3.450759899999999902e+01
7.383279999999999843e-01,-3.444944000000000273e+01
8.459799999999999542e-01,-3.440690599999999932e+01
9.403219999999998802e-01,-3.434546699999999930e+01
1.028969000000000023e+00,-3.426167699999999883e+01
1.130268999999999968e+00,-3.420278499999999866e+01
1.208537999999999890e+00,-3.413086299999999795e+01
1.259141000000000066e+00,-3.407618699999999734e+01
1.273195999999999994e+00,-3.403697999999999979e+01
1.255659000000000081e+00,-3.399610500000000002e+01
1.201506999999999881e+00,-3.397089799999999826e+01
1.134147999999999934e+00,-3.395789699999999556e+01
1.075578000000000145e+00,-3.398710999999999416e+01
1.019433999999999951e+00,-3.403533900000000045e+01
9.543270000000000364e-01,-3.407221200000000039e+01
8.861899999999999222e-01,-3.410106300000000346e+01
8.022500000000000187e-01,-3.414395100000000127e+01
6.973759999999999959e-01,-3.417387800000000198e+01
5.824359999999999538e-01,-3.423860900000000385e+01
4.629579999999999806e-01,-3.438828300000000127e+01
3.462560000000000082e-01,-3.467136800000000108e+01
2.250959999999999905e-01,-3.521886800000000051e+01
6.753300000000000969e-02,-3.580560700000000196e+01
-1.326299999999999979e-01,-3.617559099999999717e+01
-3.223610000000000086e-01,-3.644195200000000057e+01
-4.647630000000000372e-01,-3.659076300000000259e+01
-5.689560000000000173e-01,-3.666861000000000104e+01
-6.123699999999999699e-01,-3.673442500000000166e+01
-6.188529999999999864e-01,-3.673396699999999981e+01
-5.955759999999999943e-01,-3.671978800000000120e+01
-5.528450000000000308e-01,-3.668230100000000249e+01
-5.055100000000000149e-01,-3.662294399999999683e+01
-4.289890000000000092e-01,-3.658536099999999891e+01
-3.345309999999999673e-01,-3.652196899999999857e+01
-2.020289999999999864e-01,-3.642631899999999945e+01
2.391199999999999923e-02,-3.617980999999999625e+01
3.756269999999999887e-01,-3.544740300000000133e+01
8.922149999999999803e-01,-3.375285300000000177e+01
1.575643000000000127e+00,-3.131474699999999700e+01
2.370813000000000059e+00,-2.902980200000000011e+01
3.185964999999999936e+00,-2.734607100000000202e+01
3.872700000000000031e+00,-2.628199799999999797e+01
4.331382999999999761e+00,-2.567087199999999925e+01
4.507363999999999926e+00,-2.527406700000000228e+01
4.389765000000000583e+00,-2.497609899999999783e+01
3.945858000000000310e+00,-2.481582500000000024e+01
3.175714000000000148e+00,-2.486646499999999804e+01
2.180538000000000309e+00,-2.504708299999999710e+01
1.021604000000000179e+00,-2.520539099999999877e+01
-2.167199999999999682e-01,-2.523665199999999942e+01
-1.569458000000000020e+00,-2.504403699999999944e+01
-3.023274000000000239e+00,-2.461661900000000003e+01
-4.561008000000000173e+00,-2.387686700000000073e+01
-6.278830000000000133e+00,-2.267203900000000161e+01
-8.351221000000000672e+00,-2.052611900000000134e+01
-1.064422200000000096e+01,-1.757771499999999776e+01
-1.281443400000000032e+01,-1.472687999999999953e+01
-1.473518900000000187e+01,-1.239319199999999910e+01
-1.642061599999999899e+01,-1.043569800000000036e+01
-1.796098500000000087e+01,-8.684549000000000518e+00
-1.945179200000000108e+01,-7.103436000000000305e+00
-2.103789300000000040e+01,-5.683273000000000685e+00
-2.279744900000000030e+01,-4.591339999999999755e+00
-2.475856600000000185e+01,-3.867787999999999560e+00
-2.680803699999999878e+01,-3.593995999999999746e+00
-2.884219199999999717e+01,-3.921326000000000089e+00
-3.065458100000000030e+01,-5.028258000000000116e+00
-3.210819199999999540e+01,-6.853028999999999371e+00
-3.307245300000000299e+01,-8.913536000000000570e+00
-3.359655399999999759e+01,-1.117747800000000069e+01
-3.372335400000000050e+01,-1.345047300000000057e+01
-3.359398300000000148e+01,-1.550675100000000128e+01
-3.353121199999999646e+01,-1.733564200000000000e+01
-3.346723599999999976e+01,-1.881076600000000099e+01
-3.336340700000000226e+01,-2.003200499999999806e+01
-3.319339399999999785e+01,-2.116346700000000070e+01
-3.275590100000000149e+01,-2.195259700000000080e+01
-3.208793599999999913e+01,-2.256475999999999971e+01
-3.133432199999999668e+01,-2.329383999999999943e+01
-3.057389500000000027e+01,-2.411965400000000059e+01
-2.976776300000000219e+01,-2.489497199999999921e+01
-2.889786099999999891e+01,-2.542878500000000130e+01
-2.794303900000000240e+01,-2.571252099999999885e+01
-2.686517000000000266e+01,-2.567134500000000230e+01
-2.568647999999999954e+01,-2.549073399999999978e+01
-2.418027299999999968e+01,-2.540410999999999930e+01
-2.221111900000000006e+01,-2.551625399999999999e+01
-1.986923999999999779e+01,-2.592699200000000204e+01
-1.734469200000000200e+01,-2.666040200000000127e+01
-1.483664100000000019e+01,-2.753876700000000000e+01
-1.246008100000000063e+01,-2.847320700000000215e+01
-1.028309299999999915e+01,-2.942203300000000254e+01
-8.347650999999999044e+00,-3.039974600000000038e+01
-6.611241999999999841e+00,-3.126447100000000034e+01
-5.110331999999999653e+00,-3.204711500000000513e+01
-3.850269000000000386e+00,-3.280223499999999603e+01
-2.746345000000000258e+00,-3.339435600000000193e+01
-1.641595999999999833e+00,-3.393020999999999532e+01
-4.088429999999999565e-01,-3.464022100000000393e+01
9.606379999999998809e-01,-3.561344499999999869e+01
2.391990000000000283e+00,-3.679265999999999792e+01
3.863542999999999950e+00,-3.819683799999999962e+01
5.303050999999999959e+00,-3.963201099999999855e+01
6.742094999999999949e+00,-4.092306899999999814e+01
8.337960999999999956e+00,-4.184764099999999587e+01
1.006796699999999944e+01,-4.237839500000000470e+01
1.191742400000000046e+01,-4.269590399999999875e+01
1.382674100000000017e+01,-4.280094499999999869e+01
1.571141099999999824e+01,-4.287314600000000553e+01
1.752493699999999777e+01,-4.288678699999999822e+01
1.930775299999999817e+01,-4.285292800000000568e+01
2.101967399999999841e+01,-4.288705099999999959e+01
2.260122300000000095e+01,-4.303380200000000144e+01
2.396089399999999969e+01,-4.331413700000000233e+01
2.510541900000000126e+01,-4.371359299999999593e+01
2.611382300000000001e+01,-4.409415100000000365e+01
2.722692299999999932e+01,-4.451319099999999906e+01
2.833986500000000319e+01,-4.498325700000000182e+01
2.925911699999999982e+01,-4.542646799999999985e+01
2.982010999999999612e+01,-4.583322899999999578e+01
3.004991699999999710e+01,-4.613598999999999961e+01
3.005517800000000150e+01,-4.630612199999999490e+01
2.992234600000000100e+01,-4.638994199999999779e+01
2.973436200000000085e+01,-4.641851799999999884e+01
2.950647000000000020e+01,-4.642443499999999545e+01
2.925183099999999925e+01,-4.641505099999999828e+01
2.902567899999999668e+01,-4.640078700000000111e+01
2.883835600000000099e+01,-4.637095300000000009e+01
2.866477000000000075e+01,-4.635092900000000071e+01
2.853397400000000061e+01,-4.635380599999999873e+01
2.840656099999999995e+01,-4.634370799999999946e+01
2.819796900000000051e+01,-4.630875000000000341e+01
2.796212999999999838e+01,-4.624331300000000056e+01
2.773370200000000096e+01,-4.614983699999999800e+01
2.746494500000000016e+01,-4.607932299999999515e+01
2.716167599999999993e+01,-4.609067499999999740e+01
2.682033499999999648e+01,-4.627183200000000340e+01
2.633543400000000290e+01,-4.670777499999999804e+01
2.570015899999999931e+01,-4.735235600000000034e+01
2.496986000000000061e+01,-4.800486800000000187e+01
2.415755700000000061e+01,-4.846904800000000080e+01
2.330027000000000115e+01,-4.869979099999999761e+01
2.247343400000000102e+01,-4.868307899999999933e+01
2.164153500000000108e+01,-4.852096900000000090e+01
2.067639499999999941e+01,-4.827190800000000337e+01
1.954376400000000302e+01,-4.799760399999999549e+01
1.829148700000000005e+01,-4.787791400000000408e+01
1.703211199999999792e+01,-4.789191799999999688e+01
1.592722399999999894e+01,-4.789145999999999503e+01
1.504120799999999925e+01,-4.794649499999999875e+01
1.442915199999999842e+01,-4.805973099999999931e+01
1.399891599999999947e+01,-4.816629400000000061e+01
1.367148900000000111e+01,-4.828597599999999801e+01
1.340445000000000064e+01,-4.838084800000000030e+01
1.322521300000000011e+01,-4.844106699999999677e+01
1.310229400000000055e+01,-4.844796799999999593e+01
1.305026699999999984e+01,-4.839477899999999977e+01
1.308359800000000028e+01,-4.834572599999999909e+01
1.315065799999999818e+01,-4.827127500000000282e+01
1.316725899999999960e+01,-4.814534799999999848e+01
1.312845300000000037e+01,-4.790590999999999866e+01
1.298925399999999897e+01,-4.749836299999999767e+01
1.273108299999999993e+01,-4.692934799999999740e+01
1.235466699999999918e+01,-4.618099199999999627e+01
1.189773999999999887e+01,-4.539207499999999840e+01
1.139936600000000055e+01,-4.461961699999999809e+01
1.086707100000000104e+01,-4.391344500000000295e+01
1.031742000000000026e+01,-4.332579799999999892e+01
9.799741000000000923e+00,-4.285369899999999888e+01
9.237877000000001004e+00,-4.258721500000000049e+01
8.518414999999999182e+00,-4.257882700000000398e+01
7.615724000000000160e+00,-4.267896300000000309e+01
6.515695000000000014e+00,-4.284803800000000251e+01
5.121566999999999759e+00,-4.308005900000000565e+01
3.435292000000000012e+00,-4.330527899999999875e+01
1.528734000000000037e+00,-4.353618200000000371e+01
-5.014699999999999713e-01,-4.373838400000000348e+01
-2.490139000000000102e+00,-4.387168900000000349e+01
