-6.950569999999999249e-01,1.494645899999999905e+01
-9.252309999999999146e-01,1.506113399999999913e+01
-1.147972999999999910e+00,1.515884299999999918e+01
-1.352970999999999924e+00,1.524570899999999973e+01
-1.552238000000000007e+00,1.534735100000000152e+01
-1.755743000000000054e+00,1.544490300000000005e+01
-1.968402999999999903e+00,1.554283999999999999e+01
-2.200527999999999818e+00,1.563733900000000077e+01
-2.453246000000000038e+00,1.573333200000000076e+01
-2.729429000000000105e+00,1.581809500000000135e+01
-3.053791999999999618e+00,1.588167999999999935e+01
-3.418673999999999769e+00,1.589012499999999939e+01
-3.795855000000000423e+00,1.583532499999999921e+01
-4.183226000000000333e+00,1.568810299999999991e+01
-4.578005000000000102e+00,1.543943299999999930e+01
-4.961278000000000077e+00,1.506538299999999886e+01
-5.317953000000000152e+00,1.455174200000000084e+01
-5.619005000000000472e+00,1.395560599999999951e+01
-5.838267000000000095e+00,1.336188800000000043e+01
-6.001501999999999448e+00,1.281768999999999892e+01
-6.109510000000000218e+00,1.235793600000000048e+01
-6.167226999999999570e+00,1.200355099999999986e+01
-6.183841999999999395e+00,1.172417500000000068e+01
-6.172102999999999895e+00,1.146650800000000103e+01
-6.137451999999999686e+00,1.118964099999999995e+01
-6.070160999999999696e+00,1.087955299999999959e+01
-5.961954000000000420e+00,1.049396799999999885e+01
-5.804466999999999821e+00,1.001182599999999923e+01
-5.605376999999999832e+00,9.483741999999999450e+00
-5.389206999999999859e+00,8.911118000000000094e+00
-5.131594999999999906e+00,8.286260000000000403e+00
-4.806040000000000312e+00,7.701314999999999245e+00
-4.440258999999999290e+00,7.199536999999999409e+00
-4.047069000000000472e+00,6.794680000000000497e+00
-3.620841000000000420e+00,6.482268000000000363e+00
-3.179009999999999891e+00,6.277483999999999398e+00
-2.729393999999999654e+00,6.165534000000000070e+00
-2.267786999999999775e+00,6.111839999999999939e+00
-1.821377000000000024e+00,6.100470999999999755e+00
-1.383296999999999999e+00,6.099815000000000431e+00
-9.381739999999999524e-01,6.089033999999999835e+00
-4.869520000000000515e-01,6.066230000000000011e+00
-3.098100000000000159e-02,6.015424999999999578e+00
4.243999999999999995e-01,5.930511000000000088e+00
8.762360000000000149e-01,5.824256000000000100e+00
1.318762999999999908e+00,5.713136000000000436e+00
1.743672000000000111e+00,5.606966000000000783e+00
2.142635999999999985e+00,5.508842999999999712e+00
2.515690999999999899e+00,5.426927000000000056e+00
2.860003999999999991e+00,5.362820000000000142e+00
3.170538999999999774e+00,5.324987999999999388e+00
3.449659999999999727e+00,5.305546999999999791e+00
3.718516000000000155e+00,5.308531999999999584e+00
3.990023000000000319e+00,5.323085999999999984e+00
4.259647000000000183e+00,5.348683000000000298e+00
4.535150999999999932e+00,5.367045000000000066e+00
4.826766000000000112e+00,5.373350000000000293e+00
5.130135000000000112e+00,5.370839000000000141e+00
5.447896000000000072e+00,5.357488000000000028e+00
5.804117999999999888e+00,5.354211000000000276e+00
6.241805000000000270e+00,5.399963999999999764e+00
6.805046000000000816e+00,5.541470999999999592e+00
7.542791999999999497e+00,5.848927999999999905e+00
8.457390000000000185e+00,6.307744999999999713e+00
9.455161000000000371e+00,6.722555000000000724e+00
1.044452899999999929e+01,7.055353999999999459e+00
1.135344399999999965e+01,7.352336999999999456e+00
1.213454899999999981e+01,7.584881000000000206e+00
1.277133500000000055e+01,7.753735999999999962e+00
1.327321900000000099e+01,7.864161999999999431e+00
1.364552099999999868e+01,7.924671000000000909e+00
1.391270400000000151e+01,7.979477000000000153e+00
1.410483400000000032e+01,8.022643999999999664e+00
1.424173299999999820e+01,8.039961999999999165e+00
1.435527500000000067e+01,8.047152999999999778e+00
1.446884700000000024e+01,8.057812000000000197e+00
1.461982099999999996e+01,8.068049999999999500e+00
1.483271199999999901e+01,8.115280000000000271e+00
1.510833900000000085e+01,8.171428999999999832e+00
1.541449299999999845e+01,8.235227000000000075e+00
1.575028499999999987e+01,8.332933999999999841e+00
1.610140000000000171e+01,8.437853999999999743e+00
1.644674299999999789e+01,8.557297000000000153e+00
1.678196000000000154e+01,8.666109999999999758e+00
1.710957699999999804e+01,8.779612000000000194e+00
1.743569899999999961e+01,8.870454999999999757e+00
1.775785400000000180e+01,8.956718999999999653e+00
1.808955599999999819e+01,9.017650999999998973e+00
1.841369800000000012e+01,9.057247000000000270e+00
1.872380599999999973e+01,9.062963999999999132e+00
1.902913999999999817e+01,9.030330000000001078e+00
1.931413999999999831e+01,8.945429999999999993e+00
1.957382199999999983e+01,8.852494000000000085e+00
1.981382200000000182e+01,8.758605000000001084e+00
2.003718599999999839e+01,8.665136000000000394e+00
2.024965699999999913e+01,8.568967999999999918e+00
2.045764400000000194e+01,8.480014000000000607e+00
2.066442699999999988e+01,8.393912000000000262e+00
2.087109200000000087e+01,8.280202000000000950e+00
2.107188599999999923e+01,8.149214999999999876e+00
2.125999499999999998e+01,8.000318000000000040e+00
2.143325000000000102e+01,7.839869999999999450e+00
2.158565700000000120e+01,7.674280000000000435e+00
2.172377000000000180e+01,7.507005999999999624e+00
2.183993500000000054e+01,7.340896000000000754e+00
2.191984899999999925e+01,7.173413000000000039e+00
2.195977800000000002e+01,7.029874000000000400e+00
2.194649100000000175e+01,6.889844000000000079e+00
2.186826900000000151e+01,6.770875999999999451e+00
2.172724299999999786e+01,6.653585999999999778e+00
2.152207399999999993e+01,6.551191000000000209e+00
2.125455300000000136e+01,6.473616000000000703e+00
2.093383400000000094e+01,6.405602000000000018e+00
2.059830099999999931e+01,6.370343000000000089e+00
2.026773500000000183e+01,6.341844999999999288e+00
1.995412800000000075e+01,6.317522000000000304e+00
1.965084500000000034e+01,6.302007999999999832e+00
1.936355000000000004e+01,6.294932000000000194e+00
1.908620100000000264e+01,6.269266000000000005e+00
1.882035799999999881e+01,6.226980000000000182e+00
1.855326300000000117e+01,6.176110999999999684e+00
1.829708299999999710e+01,6.115523000000000486e+00
1.805672500000000014e+01,6.049998000000000431e+00
1.781888400000000061e+01,5.959600000000000009e+00
1.758512699999999995e+01,5.888558999999999877e+00
1.735736499999999793e+01,5.823555000000000703e+00
1.712353099999999984e+01,5.781837000000000337e+00
1.688717099999999860e+01,5.753441999999999723e+00
1.665059899999999971e+01,5.751793000000000156e+00
1.641050299999999851e+01,5.756359999999999921e+00
1.619359000000000037e+01,5.762201000000000128e+00
1.600083700000000064e+01,5.759129999999999860e+00
1.583141200000000026e+01,5.755842999999999599e+00
1.568116400000000077e+01,5.743789999999999729e+00
1.553735199999999850e+01,5.718687999999999327e+00
1.539727500000000049e+01,5.709153999999999840e+00
1.525963999999999920e+01,5.699519999999999698e+00
1.512307799999999958e+01,5.687133999999999467e+00
1.498122900000000080e+01,5.676324000000000147e+00
1.483654899999999977e+01,5.668177000000000021e+00
1.468022099999999952e+01,5.648201999999999501e+00
1.449896500000000010e+01,5.628308999999999784e+00
1.429566799999999915e+01,5.619593000000000060e+00
1.406171900000000008e+01,5.607687000000000310e+00
1.378845899999999958e+01,5.599705999999999406e+00
1.347506799999999849e+01,5.600166999999999895e+00
1.312779500000000077e+01,5.610866000000000575e+00
1.276473299999999966e+01,5.635180999999999329e+00
1.239517200000000052e+01,5.653058000000000582e+00
1.203361000000000125e+01,5.665653999999999968e+00
1.167621899999999968e+01,5.675408999999999260e+00
1.132430599999999998e+01,5.675014000000000003e+00
1.099670700000000068e+01,5.676351000000000369e+00
1.068841999999999892e+01,5.688730000000000508e+00
1.039036499999999918e+01,5.699619999999999465e+00
1.010859600000000036e+01,5.719121000000000343e+00
9.840132000000000545e+00,5.727558000000000149e+00
9.576864999999999739e+00,5.726258000000000514e+00
9.317515999999999465e+00,5.723648000000000735e+00
9.054991000000001122e+00,5.727581999999999951e+00
8.775644999999999030e+00,5.715387000000000661e+00
8.491300000000000736e+00,5.691602999999999746e+00
8.200469999999999260e+00,5.663280999999999565e+00
7.904496000000000855e+00,5.618801999999999630e+00
7.615632000000000623e+00,5.562926999999999289e+00
7.330017999999999034e+00,5.475872999999999990e+00
7.026905999999999430e+00,5.339313999999999893e+00
6.709722999999999438e+00,5.120115000000000194e+00
6.369723999999999720e+00,4.797273000000000565e+00
5.996887000000000079e+00,4.395021999999999984e+00
5.607444999999999347e+00,3.947773999999999894e+00
5.220149000000000150e+00,3.450085000000000068e+00
4.885985999999999940e+00,2.866279000000000021e+00
4.679049000000000014e+00,2.235707000000000111e+00
4.642839000000000382e+00,1.621215999999999990e+00
4.745120000000000005e+00,1.039279999999999982e+00
4.926410999999999873e+00,4.954330000000000123e-01
5.166196000000000232e+00,3.020400000000000168e-02
5.420671999999999713e+00,-4.016480000000000050e-01
5.649319000000000202e+00,-7.886630000000000029e-01
5.819011999999999851e+00,-1.114970000000000017e+00
5.921905000000000641e+00,-1.387013999999999969e+00
5.959222000000000463e+00,-1.621405999999999903e+00
5.930108000000000601e+00,-1.820999999999999952e+00
5.834289000000000058e+00,-2.007908000000000026e+00
5.670713000000000115e+00,-2.192171000000000092e+00
5.440183000000000213e+00,-2.382446999999999981e+00
5.158902999999999572e+00,-2.580274999999999874e+00
4.850925000000000153e+00,-2.788658000000000303e+00
4.537056999999999896e+00,-3.005463999999999913e+00
4.224039000000000321e+00,-3.207984999999999864e+00
3.914469000000000420e+00,-3.386642999999999848e+00
3.630927999999999933e+00,-3.529351999999999823e+00
3.374641999999999697e+00,-3.624967999999999968e+00
3.141394000000000020e+00,-3.720637999999999668e+00
2.946090000000000320e+00,-3.815765000000000295e+00
2.789352999999999749e+00,-3.907331999999999805e+00
2.668947000000000180e+00,-3.980196999999999985e+00
2.590015000000000178e+00,-4.021491000000000149e+00
2.545313999999999854e+00,-4.061480000000000423e+00
2.528367999999999949e+00,-4.101251999999999676e+00
2.528245999999999771e+00,-4.147431000000000090e+00
2.530375999999999959e+00,-4.210037999999999947e+00
2.524290999999999840e+00,-4.294491000000000724e+00
2.500788000000000011e+00,-4.388319999999999332e+00
2.450409999999999755e+00,-4.486458999999999975e+00
2.375882999999999967e+00,-4.568880000000000052e+00
2.279460999999999959e+00,-4.645030000000000214e+00
2.169602000000000253e+00,-4.718866999999999479e+00
2.052649000000000168e+00,-4.783590000000000231e+00
1.932387999999999995e+00,-4.847055000000000113e+00
1.817782000000000009e+00,-4.910876999999999271e+00
1.721572000000000102e+00,-4.956217999999999790e+00
1.646674000000000193e+00,-5.005276999999999532e+00
1.589928000000000008e+00,-5.064116000000000284e+00
1.552742999999999984e+00,-5.126428999999999903e+00
1.536545999999999967e+00,-5.179295999999999900e+00
1.532817000000000096e+00,-5.224347999999999992e+00
1.534450000000000092e+00,-5.260607000000000255e+00
1.541125999999999996e+00,-5.293787000000000020e+00
1.536249999999999893e+00,-5.329717999999999734e+00
1.521125000000000060e+00,-5.371433999999999820e+00
1.506874000000000047e+00,-5.392458999999999669e+00
1.482780999999999905e+00,-5.413673000000000179e+00
1.451241999999999921e+00,-5.426129000000000424e+00
1.407785999999999982e+00,-5.409976000000000340e+00
1.306089999999999973e+00,-5.309408000000000349e+00
1.136848999999999998e+00,-5.053030000000000577e+00
8.969979999999999620e-01,-4.650075000000000180e+00
5.637739999999999974e-01,-4.220650000000000013e+00
1.656390000000000085e-01,-3.873775000000000190e+00
-2.367260000000000197e-01,-3.623126999999999764e+00
-6.118680000000000785e-01,-3.441237999999999797e+00
-9.358999999999999542e-01,-3.289827999999999975e+00
-1.191934000000000049e+00,-3.125103999999999882e+00
-1.379261999999999988e+00,-2.920869999999999855e+00
-1.493457000000000034e+00,-2.647152999999999867e+00
-1.543445000000000178e+00,-2.314897999999999900e+00
-1.546446999999999905e+00,-1.936676999999999982e+00
-1.518668000000000129e+00,-1.557594000000000145e+00
-1.462714999999999987e+00,-1.212621999999999867e+00
-1.381637999999999922e+00,-8.797899999999999610e-01
-1.291158000000000028e+00,-5.809630000000000072e-01
-1.197010000000000129e+00,-3.344650000000000123e-01
-1.106065999999999994e+00,-1.036979999999999985e-01
-1.024154999999999927e+00,1.043430000000000052e-01
-9.527269999999999905e-01,2.823080000000000034e-01
-8.983209999999999251e-01,4.528469999999999995e-01
-8.742440000000000211e-01,6.287340000000000151e-01
-8.771559999999999357e-01,8.048260000000000414e-01
-9.073700000000001209e-01,9.925889999999999436e-01
-9.573399999999999688e-01,1.160552000000000028e+00
-1.015251000000000126e+00,1.313420000000000032e+00
-1.072614999999999874e+00,1.438733999999999957e+00
-1.114559999999999995e+00,1.538550000000000084e+00
-1.140419999999999989e+00,1.621917000000000053e+00
-1.149662000000000184e+00,1.684658000000000211e+00
-1.150571000000000010e+00,1.732166999999999790e+00
-1.150992999999999933e+00,1.773638000000000048e+00
-1.143707999999999947e+00,1.804908000000000179e+00
-1.121404000000000067e+00,1.842689000000000021e+00
-1.100223999999999869e+00,1.896624000000000088e+00
-1.068975000000000009e+00,1.963818000000000064e+00
-1.022151000000000032e+00,2.037590999999999930e+00
-9.783669999999999867e-01,2.106570000000000054e+00
-9.372020000000000906e-01,2.190284000000000120e+00
-8.962129999999999264e-01,2.270575000000000010e+00
-8.560180000000000566e-01,2.344570999999999739e+00
-8.140300000000000313e-01,2.418749000000000038e+00
-7.641310000000000047e-01,2.497508999999999979e+00
-7.008619999999999850e-01,2.585590999999999973e+00
-6.142589999999999995e-01,2.688309999999999977e+00
-5.087340000000000195e-01,2.796135000000000037e+00
-3.817209999999999770e-01,2.926836000000000215e+00
-2.381139999999999923e-01,3.059043999999999652e+00
-7.582999999999999463e-02,3.203405000000000058e+00
1.002509999999999929e-01,3.342950000000000088e+00
2.791369999999999685e-01,3.504186000000000245e+00
4.441600000000000548e-01,3.665937999999999697e+00
5.926930000000000254e-01,3.825198000000000320e+00
7.164220000000000033e-01,3.978565000000000129e+00
8.135949999999999571e-01,4.131069999999999354e+00
8.775780000000000802e-01,4.262275999999999954e+00
9.108620000000000605e-01,4.369044000000000594e+00
9.188200000000000811e-01,4.450641000000000069e+00
9.069979999999999709e-01,4.529218000000000188e+00
8.781339999999999701e-01,4.597826999999999664e+00
8.417629999999999280e-01,4.675666000000000544e+00
7.948560000000000070e-01,4.765695000000000014e+00
7.360899999999999110e-01,4.853468000000000337e+00
6.614320000000000199e-01,4.948358999999999952e+00
5.714460000000000095e-01,5.063244999999999330e+00
4.679020000000000401e-01,5.178023999999999738e+00
3.504590000000000205e-01,5.282922000000000118e+00
2.254239999999999855e-01,5.380271999999999721e+00
8.368099999999999150e-02,5.463530999999999693e+00
-6.370399999999999674e-02,5.528532000000000224e+00
-2.157459999999999933e-01,5.590119000000000504e+00
-3.740300000000000291e-01,5.642441999999999958e+00
-5.383700000000000152e-01,5.695382000000000389e+00
-7.109680000000000444e-01,5.747681000000000040e+00
-8.914100000000000357e-01,5.803952999999999918e+00
-1.080977000000000077e+00,5.865591999999999473e+00
-1.298522999999999872e+00,5.913140000000000285e+00
-1.539388999999999896e+00,5.951492000000000004e+00
-1.795163999999999982e+00,5.985948999999999742e+00
-2.066586000000000034e+00,6.043177000000000021e+00
-2.344215999999999855e+00,6.101530000000000342e+00
-2.616981000000000002e+00,6.150565000000000282e+00
-2.874674999999999869e+00,6.205913999999999930e+00
-3.114745000000000097e+00,6.261364000000000374e+00
-3.326848999999999723e+00,6.307968999999999937e+00
-3.503005999999999620e+00,6.352313999999999794e+00
-3.645151000000000252e+00,6.382929999999999993e+00
-3.753608000000000278e+00,6.414962000000000053e+00
-3.834069999999999645e+00,6.436747000000000440e+00
-3.899458999999999786e+00,6.466066999999999787e+00
-3.958508999999999833e+00,6.501590000000000202e+00
-4.013522000000000034e+00,6.533392000000000088e+00
-4.059319999999999595e+00,6.544702000000000019e+00
-4.079119999999999635e+00,6.533344999999999736e+00
-4.064833000000000141e+00,6.509519999999999307e+00
-4.026292999999999900e+00,6.491102999999999845e+00
-3.993098000000000258e+00,6.494186000000000014e+00
-3.978024000000000004e+00,6.508058999999999372e+00
-3.979775000000000063e+00,6.525436000000000014e+00
-3.998031999999999808e+00,6.567491999999999663e+00
-4.025228000000000250e+00,6.617532000000000636e+00
-4.063373999999999597e+00,6.671161999999999814e+00
-4.104816999999999716e+00,6.715489999999999071e+00
-4.136950999999999823e+00,6.739910000000000956e+00
-4.151582000000000328e+00,6.737941000000000180e+00
-4.132858000000000587e+00,6.710608000000000573e+00
-4.075566000000000244e+00,6.675092000000000247e+00
-3.999772000000000105e+00,6.626055000000000028e+00
-3.916183999999999443e+00,6.571428999999999299e+00
-3.842998999999999832e+00,6.519328999999999930e+00
-3.791391000000000400e+00,6.498755000000000059e+00
-3.750487999999999822e+00,6.499076999999999771e+00
-3.716918000000000166e+00,6.508291999999999966e+00
-3.695171999999999901e+00,6.534608999999999668e+00
-3.670509999999999717e+00,6.551229000000000191e+00
-3.635530000000000150e+00,6.560605000000000686e+00
-3.600624999999999964e+00,6.560508000000000450e+00
-3.552296000000000120e+00,6.555999000000000798e+00
-3.507870999999999739e+00,6.545509000000000022e+00
-3.485894999999999744e+00,6.520080999999999349e+00
-3.474874999999999936e+00,6.496267999999999709e+00
-3.470225000000000115e+00,6.471725000000000172e+00
-3.460826000000000402e+00,6.449462000000000472e+00
-3.439224999999999977e+00,6.430663000000000018e+00
-3.410694000000000337e+00,6.409244999999999415e+00
-3.381819000000000131e+00,6.389148000000000494e+00
-3.358769000000000116e+00,6.371256999999999948e+00
-3.348646000000000011e+00,6.369155000000000122e+00
-3.345149999999999846e+00,6.372234999999999872e+00
-3.348015000000000185e+00,6.365537000000000667e+00
-3.356755000000000155e+00,6.361194000000000237e+00
-3.362555000000000405e+00,6.352699999999999569e+00
-3.375626000000000015e+00,6.346434999999999604e+00
-3.388313999999999826e+00,6.326151000000000302e+00
-3.392744999999999678e+00,6.310241999999999685e+00
-3.403855999999999771e+00,6.293718000000000146e+00
-3.421315000000000328e+00,6.286818000000000239e+00
-3.444204000000000043e+00,6.289976000000000234e+00
-3.473149999999999959e+00,6.288733000000000573e+00
-3.496359999999999690e+00,6.294818000000000247e+00
-3.513303000000000065e+00,6.309750000000000192e+00
-3.533428999999999931e+00,6.338156999999999819e+00
-3.560319999999999929e+00,6.365383999999999709e+00
-3.583450000000000024e+00,6.380542000000000158e+00
-3.600236000000000214e+00,6.396423999999999666e+00
-3.610513999999999779e+00,6.420227999999999824e+00
-3.621330000000000382e+00,6.441476999999999897e+00
-3.645957000000000114e+00,6.466026999999999525e+00
-3.689090000000000202e+00,6.503258999999999901e+00
-3.735976000000000408e+00,6.539742999999999640e+00
-3.768381999999999898e+00,6.578560000000000407e+00
-3.785794999999999799e+00,6.614069000000000642e+00
-3.788412000000000113e+00,6.645189000000000235e+00
-3.776425000000000143e+00,6.676863000000000881e+00
-3.760066999999999826e+00,6.704832999999999821e+00
-3.747312999999999672e+00,6.733594999999999331e+00
-3.740536000000000083e+00,6.751978000000000257e+00
-3.740830999999999573e+00,6.759568999999999939e+00
-3.744576000000000349e+00,6.773261999999999894e+00
-3.748715000000000241e+00,6.784521999999999942e+00
-3.752776999999999585e+00,6.787455999999999712e+00
-3.760486000000000217e+00,6.793913000000000757e+00
-3.773962000000000483e+00,6.800897999999999222e+00
-3.796381999999999923e+00,6.798994999999999678e+00
-3.810323000000000349e+00,6.801599999999999646e+00
-3.825973999999999986e+00,6.801757000000000275e+00
-3.839962000000000319e+00,6.800922999999999163e+00
-3.852233999999999714e+00,6.791585000000000427e+00
-3.868048999999999626e+00,6.775369999999999671e+00
-3.887633999999999812e+00,6.769619000000000497e+00
-3.912472000000000172e+00,6.769874000000000613e+00
-3.943964999999999943e+00,6.773638000000000048e+00
-3.978720999999999730e+00,6.778303999999999441e+00
-4.014183000000000057e+00,6.792252000000000400e+00
-4.049591000000000385e+00,6.825421000000000404e+00
-4.089121999999999701e+00,6.857666000000000039e+00
-4.132328000000000223e+00,6.885241999999999862e+00
-4.184057000000000137e+00,6.905893999999999977e+00
-4.246966999999999715e+00,6.923649000000000164e+00
-4.311770000000000103e+00,6.936617000000000033e+00
-4.368262000000000533e+00,6.947664999999999758e+00
-4.414234999999999687e+00,6.945197000000000287e+00
-4.450305999999999429e+00,6.937266999999999406e+00
-4.479575999999999780e+00,6.927266999999999619e+00
-4.496444999999999581e+00,6.922672999999999632e+00
-4.510311999999999877e+00,6.916375000000000384e+00
-4.534708000000000183e+00,6.923392999999999020e+00
-4.569434999999999469e+00,6.931413000000000046e+00
-4.612843999999999944e+00,6.945849000000000828e+00
-4.664545999999999637e+00,6.951560000000000628e+00
-4.720500000000000362e+00,6.952210000000000889e+00
-4.782651000000000430e+00,6.951942999999999095e+00
-4.859290000000000553e+00,6.942942999999999643e+00
-4.954847000000000001e+00,6.938490999999999964e+00
-5.066227999999999732e+00,6.933802000000000021e+00
-5.185626999999999320e+00,6.925208999999999726e+00
-5.295818999999999832e+00,6.908871999999999680e+00
-5.377641999999999811e+00,6.898175999999999419e+00
-5.436490000000000045e+00,6.889044999999999419e+00
-5.486314000000000135e+00,6.887197999999999709e+00
-5.529281000000000112e+00,6.890935000000000699e+00
-5.572773000000000643e+00,6.903991999999999685e+00
-5.617249000000000159e+00,6.923988999999999727e+00
-5.664512000000000214e+00,6.945678999999999270e+00
-5.711637999999999771e+00,6.974690999999999974e+00
-5.747822000000000209e+00,6.986399000000000470e+00
-5.781444000000000472e+00,6.989289999999999559e+00
-5.826508999999999716e+00,6.993364999999999831e+00
-5.875720999999999528e+00,6.989453000000000138e+00
-5.927111000000000018e+00,6.986769999999999925e+00
-5.977856000000000058e+00,6.973649000000000875e+00
-6.034417999999999616e+00,6.953019000000000283e+00
-6.102446999999999733e+00,6.933763000000000787e+00
-6.165816999999999659e+00,6.915416999999999703e+00
-6.219669999999999810e+00,6.887163000000000146e+00
-6.264215000000000089e+00,6.857808000000000348e+00
-6.305291999999999675e+00,6.830278999999999101e+00
-6.350662000000000695e+00,6.803213999999999650e+00
-6.405382000000000353e+00,6.775935999999999737e+00
-6.489971999999999852e+00,6.753510000000000346e+00
-6.606507999999999825e+00,6.724960000000000271e+00
-6.758313000000000237e+00,6.690635000000000332e+00
-6.931661000000000072e+00,6.656099000000000210e+00
-7.110164999999999402e+00,6.632069999999999688e+00
-7.282296999999999798e+00,6.613721000000000849e+00
-7.446302999999999450e+00,6.599961000000000411e+00
-7.585418999999999912e+00,6.575421000000000404e+00
-7.704530999999999352e+00,6.541350000000000442e+00
-7.807038999999999618e+00,6.506859999999999644e+00
-7.890453999999999191e+00,6.473339000000000176e+00
-7.976194999999999702e+00,6.422544000000000253e+00
-8.039957000000001131e+00,6.381940000000000168e+00
-8.103692999999999813e+00,6.344659000000000049e+00
-8.171363000000001264e+00,6.329041999999999391e+00
-8.247968999999999440e+00,6.323246000000000144e+00
-8.319452000000000069e+00,6.310559999999999725e+00
-8.384282000000000679e+00,6.304634000000000071e+00
-8.447523000000000337e+00,6.293578000000000117e+00
-8.493672000000000111e+00,6.291148999999999880e+00
-8.544552000000001257e+00,6.294605999999999923e+00
-8.623369999999999536e+00,6.303751000000000104e+00
-8.758142999999998679e+00,6.304333999999999882e+00
-9.010726000000000013e+00,6.299183000000000199e+00
-9.441145000000000564e+00,6.275209999999999511e+00
-1.002770300000000070e+01,6.239862000000000464e+00
-1.077407700000000013e+01,6.187897000000000425e+00
-1.165131099999999975e+01,6.124566999999999872e+00
-1.256940700000000000e+01,6.055628999999999706e+00
-1.347305400000000120e+01,5.977208999999999328e+00
-1.434057800000000071e+01,5.879116000000000675e+00
-1.512797099999999872e+01,5.773502999999999830e+00
-1.581792900000000124e+01,5.681021000000000321e+00
-1.642177200000000070e+01,5.588479000000000418e+00
-1.694132000000000104e+01,5.491131000000000206e+00
-1.738742999999999839e+01,5.396626000000000367e+00
-1.778644200000000097e+01,5.311383000000000187e+00
-1.813320200000000071e+01,5.255087000000000508e+00
-1.842100699999999946e+01,5.205028999999999684e+00
-1.867013500000000192e+01,5.164030000000000342e+00
-1.888286599999999993e+01,5.127491000000000021e+00
-1.906057000000000201e+01,5.087494999999999656e+00
-1.920138000000000034e+01,5.053148999999999447e+00
-1.931480400000000230e+01,5.036108999999999725e+00
-1.939854000000000056e+01,5.012411000000000172e+00
-1.945210499999999954e+01,4.983888999999999569e+00
-1.947871800000000064e+01,4.969049000000000049e+00
-1.948950199999999811e+01,4.957376999999999256e+00
-1.948956499999999892e+01,4.958746999999999794e+00
-1.949557899999999933e+01,4.975344000000000655e+00
-1.951715700000000098e+01,5.004850000000000243e+00
-1.954362099999999813e+01,5.031564000000000370e+00
-1.957041700000000262e+01,5.067770999999999582e+00
-1.960810700000000040e+01,5.100441000000000003e+00
-1.964590300000000056e+01,5.130874999999999631e+00
-1.968831400000000187e+01,5.152727999999999753e+00
-1.975307300000000055e+01,5.182292999999999594e+00
-1.983390799999999743e+01,5.213598000000000177e+00
-1.992047499999999971e+01,5.229104000000000418e+00
-1.999777200000000121e+01,5.240326000000000484e+00
-2.005662900000000093e+01,5.249273999999999774e+00
-2.008807000000000187e+01,5.249865999999999921e+00
-2.008963800000000077e+01,5.250995999999999775e+00
-2.006921000000000177e+01,5.249452999999999925e+00
-2.003206099999999878e+01,5.255150000000000432e+00
-1.999974800000000030e+01,5.261865000000000236e+00
-1.997664999999999935e+01,5.267972000000000321e+00
-1.996264500000000197e+01,5.279205000000000148e+00
-1.994982699999999909e+01,5.291012000000000270e+00
-1.993422299999999936e+01,5.297862000000000293e+00
-1.990617600000000209e+01,5.316740000000000244e+00
-1.986416400000000237e+01,5.344748000000000054e+00
-1.980157699999999821e+01,5.378243000000000329e+00
-1.970880299999999963e+01,5.398751999999999995e+00
-1.958966400000000263e+01,5.429650999999999783e+00
-1.943857999999999819e+01,5.471955999999999598e+00
-1.925778400000000090e+01,5.509616999999999543e+00
-1.903957000000000122e+01,5.548351000000000255e+00
-1.877165600000000012e+01,5.620250000000000412e+00
-1.842356499999999997e+01,5.744003000000000192e+00
-1.799705300000000108e+01,5.881263999999999825e+00
-1.750631700000000279e+01,5.999544999999999462e+00
-1.695179899999999762e+01,6.100194000000000116e+00
-1.632701700000000145e+01,6.191387000000000640e+00
-1.565934200000000054e+01,6.270681999999999867e+00
-1.497715900000000033e+01,6.335258000000000500e+00
-1.428599800000000108e+01,6.387258000000000102e+00
-1.359353800000000057e+01,6.424487000000000059e+00
-1.290670899999999932e+01,6.461826000000000292e+00
-1.223259400000000063e+01,6.486062999999999690e+00
-1.157722000000000051e+01,6.518933999999999784e+00
-1.097450200000000109e+01,6.570717000000000141e+00
-1.047464100000000009e+01,6.643486999999999476e+00
-1.012491400000000041e+01,6.720394000000000645e+00
-9.979098000000000468e+00,6.794197000000000486e+00
-1.004058799999999962e+01,6.841922999999999533e+00
-1.027367800000000031e+01,6.865180000000000504e+00
-1.060975499999999982e+01,6.859907999999999895e+00
-1.103324299999999880e+01,6.823860000000000703e+00
-1.152894700000000050e+01,6.760658999999999530e+00
-1.206105800000000094e+01,6.692911999999999750e+00
-1.259374799999999972e+01,6.632713000000000747e+00
-1.307994700000000066e+01,6.594064000000000370e+00
-1.349399299999999968e+01,6.583211000000000368e+00
-1.385068099999999980e+01,6.595880999999999439e+00
-1.414937499999999915e+01,6.629894000000000176e+00
-1.440785599999999889e+01,6.668989999999999085e+00
-1.464391700000000185e+01,6.698663000000000700e+00
-1.487044899999999892e+01,6.721947000000000116e+00
-1.508491300000000024e+01,6.747422000000000253e+00
-1.529284100000000102e+01,6.765119999999999578e+00
-1.550802600000000098e+01,6.785095000000000098e+00
-1.572754200000000147e+01,6.804282000000000608e+00
-1.594363599999999792e+01,6.812049000000000909e+00
-1.614209400000000016e+01,6.806516999999999484e+00
-1.631743999999999772e+01,6.788980999999999710e+00
-1.646501199999999798e+01,6.760641999999999818e+00
-1.658512299999999939e+01,6.730869999999999465e+00
-1.669634399999999985e+01,6.710886000000000351e+00
-1.680598299999999767e+01,6.695038999999999518e+00
-1.691794600000000059e+01,6.683441999999999439e+00
-1.703696300000000008e+01,6.685089999999999755e+00
-1.717381099999999705e+01,6.687146000000000257e+00
-1.731932300000000069e+01,6.693866000000000760e+00
-1.749429500000000104e+01,6.692893999999999899e+00
-1.770421400000000034e+01,6.679988999999999955e+00
-1.792240100000000069e+01,6.663211000000000439e+00
-1.815258400000000094e+01,6.646607000000000376e+00
-1.839259699999999853e+01,6.629906000000000077e+00
-1.864346700000000112e+01,6.610102000000000366e+00
-1.893246500000000054e+01,6.589503999999998918e+00
-1.931425700000000134e+01,6.569775999999999172e+00
-1.985364699999999871e+01,6.552839999999999776e+00
-2.056689599999999984e+01,6.541805999999999344e+00
-2.143632699999999858e+01,6.552455000000000140e+00
-2.240249100000000126e+01,6.561101999999999990e+00
-2.349884199999999979e+01,6.591439000000000270e+00
-2.488265799999999928e+01,6.659849000000000352e+00
-2.665033700000000039e+01,6.756571000000000993e+00
-2.883744799999999842e+01,6.935425999999999647e+00
-3.136242899999999878e+01,7.154314000000000284e+00
-3.397117599999999982e+01,7.343396000000000257e+00
-3.641725900000000138e+01,7.481383999999999368e+00
-3.861125200000000035e+01,7.563078999999999219e+00
-4.041059899999999772e+01,7.596458999999999406e+00
-4.175614199999999698e+01,7.598441000000000223e+00
-4.268929299999999927e+01,7.588252999999999915e+00
-4.329194299999999629e+01,7.573021999999999920e+00
-4.364999799999999652e+01,7.566721000000000252e+00
-4.384455100000000272e+01,7.603206000000000131e+00
-4.398214300000000065e+01,7.704670000000000130e+00
-4.413887000000000427e+01,7.864780999999999800e+00
-4.435358000000000089e+01,8.033625999999999934e+00
-4.462491200000000191e+01,8.205313000000000301e+00
-4.493217800000000040e+01,8.370467999999998909e+00
-4.522424699999999831e+01,8.529500999999999777e+00
-4.546327199999999635e+01,8.697955999999999577e+00
-4.564411900000000344e+01,8.892391999999999186e+00
-4.575915499999999980e+01,9.104585999999999402e+00
-4.579997600000000091e+01,9.315177000000000263e+00
-4.575908700000000096e+01,9.513591999999999160e+00
-4.564736899999999764e+01,9.709163999999999461e+00
-4.546032000000000295e+01,9.899824000000000623e+00
-4.521778100000000222e+01,1.008118699999999990e+01
-4.493067199999999417e+01,1.025716300000000025e+01
-4.459095399999999643e+01,1.044930599999999998e+01
-4.422218699999999814e+01,1.065279899999999991e+01
-4.385308799999999962e+01,1.085592199999999963e+01
-4.351999699999999649e+01,1.105177899999999980e+01
-4.322060799999999858e+01,1.123479700000000037e+01
-4.295389199999999619e+01,1.140806599999999982e+01
-4.272442199999999701e+01,1.155719000000000030e+01
-4.252154500000000326e+01,1.168173900000000032e+01
-4.233484599999999887e+01,1.176871500000000026e+01
-4.215231699999999648e+01,1.185395100000000035e+01
-4.197890499999999747e+01,1.192467899999999936e+01
-4.182774699999999513e+01,1.198849300000000007e+01
-4.169508400000000137e+01,1.203574099999999980e+01
-4.158040599999999642e+01,1.206171799999999905e+01
-4.147320599999999757e+01,1.207515899999999931e+01
-4.136528799999999961e+01,1.207236400000000032e+01
-4.127936199999999900e+01,1.205096200000000017e+01
-4.123449699999999751e+01,1.202120799999999967e+01
-4.124014999999999986e+01,1.195848900000000015e+01
-4.130305500000000052e+01,1.188441800000000015e+01
-4.140878699999999668e+01,1.180533999999999928e+01
-4.151115399999999767e+01,1.171639799999999987e+01
-4.156447999999999610e+01,1.163883900000000082e+01
-4.154255700000000218e+01,1.159233799999999981e+01
-4.145080899999999957e+01,1.158248299999999986e+01
-4.131573900000000066e+01,1.158161799999999886e+01
-4.114583199999999863e+01,1.161041200000000018e+01
-4.094942499999999797e+01,1.164976000000000056e+01
-4.071145599999999831e+01,1.169733300000000042e+01
-4.041507700000000369e+01,1.177936300000000003e+01
-4.004817599999999800e+01,1.186507399999999990e+01
-3.962759000000000498e+01,1.196185399999999888e+01
-3.916838099999999656e+01,1.207258299999999984e+01
-3.868109099999999501e+01,1.217633399999999888e+01
-3.815628800000000354e+01,1.226798600000000050e+01
-3.757926199999999994e+01,1.235079600000000077e+01
-3.691135399999999578e+01,1.241511199999999882e+01
-3.614371899999999727e+01,1.249292599999999887e+01
-3.528965399999999875e+01,1.253403699999999965e+01
-3.433575799999999845e+01,1.251373899999999928e+01
-3.330147199999999685e+01,1.240604399999999963e+01
-3.219171099999999797e+01,1.220636999999999972e+01
-3.098411799999999872e+01,1.203979700000000008e+01
-2.977094999999999914e+01,1.199792500000000040e+01
-2.863464699999999752e+01,1.197559700000000049e+01
-2.752212100000000206e+01,1.196019599999999983e+01
-2.644275700000000029e+01,1.200135799999999975e+01
-2.541936099999999854e+01,1.204189299999999996e+01
-2.443051499999999976e+01,1.209362400000000015e+01
-2.351107800000000125e+01,1.214687299999999937e+01
-2.265232699999999966e+01,1.217184999999999917e+01
-2.182806799999999825e+01,1.220126199999999983e+01
-2.104634500000000230e+01,1.224555299999999924e+01
-2.032385400000000075e+01,1.227882400000000018e+01
-1.964586300000000207e+01,1.226625700000000130e+01
-1.900588199999999972e+01,1.224910399999999910e+01
-1.843019699999999972e+01,1.224883499999999970e+01
-1.792105899999999963e+01,1.223998100000000022e+01
-1.744846499999999878e+01,1.222307200000000016e+01
-1.700074000000000041e+01,1.220049500000000009e+01
-1.657276900000000097e+01,1.219366199999999978e+01
-1.616091700000000131e+01,1.219552000000000014e+01
-1.576032399999999889e+01,1.219048000000000087e+01
-1.537042000000000108e+01,1.221085399999999943e+01
-1.499149899999999924e+01,1.225308099999999989e+01
-1.461935499999999877e+01,1.231268900000000066e+01
-1.425635199999999969e+01,1.237835700000000116e+01
-1.390359200000000151e+01,1.245183100000000032e+01
-1.356547399999999826e+01,1.252479499999999923e+01
-1.324475600000000064e+01,1.258161199999999980e+01
-1.293640100000000004e+01,1.261887600000000020e+01
-1.263577500000000065e+01,1.263795799999999936e+01
-1.234051700000000018e+01,1.265662400000000076e+01
-1.208093500000000020e+01,1.266142699999999977e+01
-1.185264800000000029e+01,1.266059800000000024e+01
-1.165633899999999912e+01,1.264428900000000056e+01
-1.148897499999999994e+01,1.261689900000000009e+01
-1.135277199999999986e+01,1.258648600000000073e+01
-1.124795899999999982e+01,1.254881600000000041e+01
