-1.127493999999999996e+00,1.206933000000000078e+01
-8.555870000000000974e-01,1.212785700000000055e+01
-6.809149999999999370e-01,1.209921199999999963e+01
-4.930340000000000278e-01,1.203965499999999977e+01
-2.829249999999999821e-01,1.198208200000000012e+01
-5.596299999999999886e-02,1.190569999999999951e+01
1.639760000000000106e-01,1.184714999999999918e+01
3.731889999999999930e-01,1.181811899999999937e+01
5.585269999999999957e-01,1.179351100000000052e+01
7.142910000000000093e-01,1.177185700000000068e+01
8.769950000000000800e-01,1.174451799999999935e+01
9.689260000000000650e-01,1.172391999999999967e+01
1.146965000000000012e+00,1.165417899999999918e+01
1.323592000000000102e+00,1.158060799999999979e+01
1.529095000000000093e+00,1.153035999999999994e+01
1.729261999999999855e+00,1.145813599999999965e+01
1.937189000000000050e+00,1.138786799999999921e+01
2.169579999999999842e+00,1.131233999999999895e+01
2.420328000000000035e+00,1.119395899999999955e+01
2.744889000000000134e+00,1.108089999999999975e+01
3.168674999999999908e+00,1.093921799999999855e+01
3.702256999999999909e+00,1.080821899999999935e+01
4.409648999999999930e+00,1.070717400000000019e+01
5.266312999999999356e+00,1.058246499999999912e+01
6.256153000000000297e+00,1.042778999999999989e+01
7.371402000000000676e+00,1.022773100000000035e+01
8.570292000000000243e+00,9.928435999999999595e+00
9.856800999999999036e+00,9.529317999999999955e+00
1.116684400000000110e+01,9.075749000000000066e+00
1.245270799999999944e+01,8.701341000000001102e+00
1.370340000000000025e+01,8.416636000000000450e+00
1.489569299999999963e+01,8.100445999999999813e+00
1.658142099999999886e+01,7.572041999999999717e+00
1.767461400000000182e+01,7.173461999999999783e+00
1.870606000000000080e+01,6.682088000000000250e+00
1.961073500000000180e+01,6.028718000000000465e+00
2.031636199999999803e+01,5.151269999999999349e+00
2.080014599999999803e+01,4.321301999999999310e+00
2.115624200000000243e+01,3.768780000000000463e+00
2.131122200000000078e+01,3.530478000000000005e+00
2.159177399999999736e+01,3.100759999999999739e+00
2.187220399999999998e+01,2.799367999999999856e+00
2.213308699999999973e+01,2.476862000000000119e+00
2.236434599999999762e+01,2.253770999999999969e+00
2.257974100000000206e+01,2.197017999999999915e+00
2.271635600000000110e+01,2.131362999999999897e+00
2.275549299999999775e+01,2.109693000000000040e+00
2.272883599999999760e+01,2.145156000000000063e+00
2.264624799999999993e+01,2.128383000000000358e+00
2.251534099999999938e+01,2.012872000000000217e+00
2.239863400000000127e+01,1.926013000000000197e+00
2.234219900000000081e+01,1.784577000000000080e+00
2.231745100000000193e+01,1.609295999999999838e+00
2.225694299999999970e+01,1.464520000000000044e+00
2.213785199999999875e+01,1.279015999999999931e+00
2.203595499999999774e+01,1.053236000000000061e+00
2.196520799999999696e+01,7.960460000000000313e-01
2.189692900000000009e+01,6.509289999999999798e-01
2.182111700000000098e+01,5.086089999999999778e-01
2.172461500000000001e+01,2.097050000000000303e-01
2.163497000000000270e+01,-2.078460000000000030e-01
2.154381000000000057e+01,-5.753249999999999753e-01
2.143217800000000040e+01,-6.623060000000000613e-01
2.135800899999999913e+01,-3.351750000000000007e-01
2.133661499999999833e+01,1.880890000000000062e-01
2.133529300000000006e+01,7.952620000000000244e-01
2.136470599999999820e+01,1.358420999999999879e+00
2.147608400000000017e+01,1.891608000000000178e+00
2.166464399999999912e+01,2.393466000000000093e+00
2.190064800000000034e+01,2.775750999999999635e+00
2.221669599999999889e+01,3.060675999999999952e+00
2.258927500000000066e+01,3.287787000000000237e+00
2.299352099999999766e+01,3.490165000000000184e+00
2.344131300000000095e+01,3.696870999999999796e+00
2.389867000000000274e+01,3.917316999999999716e+00
2.429155499999999890e+01,4.204021000000000008e+00
2.455352600000000152e+01,4.504862000000000144e+00
2.467442499999999939e+01,4.787277999999999700e+00
2.467344899999999797e+01,4.990949999999999775e+00
2.459246300000000218e+01,5.114100999999999786e+00
2.446430199999999999e+01,5.212183000000000455e+00
2.431522400000000061e+01,5.403914000000000328e+00
2.416380300000000148e+01,5.690789999999999793e+00
2.403574000000000055e+01,5.956205000000000638e+00
2.390891600000000139e+01,6.185876000000000374e+00
2.377353099999999841e+01,6.359312000000000076e+00
2.364789599999999936e+01,6.478110000000000035e+00
2.355145100000000014e+01,6.513466000000000200e+00
2.348197000000000045e+01,6.416615000000000180e+00
2.345990000000000109e+01,6.238482000000000305e+00
2.348575599999999852e+01,6.037177999999999933e+00
2.356248900000000290e+01,5.800279999999999880e+00
2.369184299999999865e+01,5.593702999999999648e+00
2.384286900000000031e+01,5.488674999999999748e+00
2.400282299999999935e+01,5.464654000000000345e+00
2.415472000000000108e+01,5.477043000000000106e+00
2.427485700000000080e+01,5.526492000000000182e+00
2.436208699999999894e+01,5.597110999999999947e+00
2.440969099999999870e+01,5.641334999999999766e+00
2.441853000000000051e+01,5.680118000000000222e+00
2.439994400000000141e+01,5.723345000000000127e+00
2.437043999999999855e+01,5.765094000000000385e+00
2.434793099999999910e+01,5.792139999999999844e+00
2.434277499999999961e+01,5.803166000000000047e+00
2.434793999999999770e+01,5.806211000000000233e+00
2.435571500000000000e+01,5.771131999999999707e+00
2.436405600000000149e+01,5.757216999999999807e+00
2.437252799999999908e+01,5.753847000000000378e+00
2.438353200000000243e+01,5.740603000000000122e+00
2.441070200000000057e+01,5.746501000000000303e+00
2.444785100000000000e+01,5.739449999999999719e+00
2.448606700000000203e+01,5.678160000000000096e+00
2.451634200000000163e+01,5.584154999999999980e+00
2.453576900000000194e+01,5.455244000000000426e+00
2.455627300000000091e+01,5.332099999999999618e+00
2.458562099999999973e+01,5.239259999999999806e+00
2.461212499999999892e+01,5.164949000000000012e+00
2.464129399999999848e+01,5.130830000000000446e+00
2.467447100000000049e+01,5.115259000000000000e+00
2.468595700000000193e+01,5.072873000000000410e+00
2.468078399999999917e+01,5.013308999999999571e+00
2.465450099999999978e+01,4.904471000000000025e+00
2.460321799999999826e+01,4.698698999999999515e+00
2.450889400000000151e+01,4.404719000000000051e+00
2.437123900000000276e+01,4.032581999999999667e+00
2.420410299999999992e+01,3.627985999999999933e+00
2.407527900000000187e+01,3.338344999999999896e+00
2.401468299999999800e+01,3.084490000000000176e+00
2.401564199999999971e+01,2.874932999999999961e+00
2.408753399999999800e+01,2.745049999999999990e+00
2.418515799999999771e+01,2.644213999999999842e+00
2.426438500000000076e+01,2.570234000000000130e+00
2.431118000000000023e+01,2.525565999999999978e+00
2.432600000000000051e+01,2.489863999999999855e+00
2.432284899999999794e+01,2.462585999999999942e+00
2.432389999999999830e+01,2.439566999999999819e+00
2.433857499999999874e+01,2.411554000000000197e+00
2.438174800000000175e+01,2.393189000000000011e+00
2.445434399999999897e+01,2.404268999999999767e+00
2.452020499999999714e+01,2.418206000000000078e+00
2.457766300000000115e+01,2.459497000000000266e+00
2.463405799999999957e+01,2.538346999999999909e+00
2.469503800000000027e+01,2.668305000000000149e+00
2.479018200000000149e+01,2.866511999999999727e+00
2.493994299999999953e+01,3.126899000000000317e+00
2.514582399999999751e+01,3.441316999999999737e+00
2.541582500000000167e+01,3.805116000000000387e+00
2.575507199999999841e+01,4.227180000000000604e+00
2.611957600000000213e+01,4.656182000000000265e+00
2.647894699999999801e+01,5.065109999999999779e+00
2.679089199999999948e+01,5.456026000000000487e+00
2.701184099999999688e+01,5.796332999999999736e+00
2.714483099999999993e+01,6.082423999999999609e+00
2.718407100000000298e+01,6.309044000000000096e+00
2.714690600000000131e+01,6.455905999999999700e+00
2.705124999999999957e+01,6.548512999999999806e+00
2.694850499999999727e+01,6.625507999999999953e+00
2.688442600000000127e+01,6.683660999999999852e+00
2.687021400000000071e+01,6.717732000000000703e+00
2.690139399999999981e+01,6.774269000000000318e+00
2.695737600000000000e+01,6.830227000000000714e+00
2.701531199999999799e+01,6.866846999999999923e+00
2.706559899999999885e+01,6.901072999999999347e+00
2.711276599999999704e+01,6.928517000000000259e+00
2.715161900000000017e+01,6.911224000000000700e+00
2.717674799999999991e+01,6.861125000000000362e+00
2.719852299999999801e+01,6.806944999999999801e+00
2.721705999999999648e+01,6.746764999999999013e+00
2.723103499999999855e+01,6.687983999999999263e+00
2.723786199999999980e+01,6.604391999999999818e+00
2.725486899999999935e+01,6.503826999999999359e+00
2.727994500000000144e+01,6.427003000000000021e+00
2.731596599999999597e+01,6.368450000000000166e+00
2.736150900000000163e+01,6.302449000000000190e+00
2.739993699999999777e+01,6.250911000000000328e+00
2.744351400000000041e+01,6.216941000000000273e+00
2.750286699999999840e+01,6.203526999999999347e+00
2.755958200000000247e+01,6.181244999999999656e+00
2.761337999999999937e+01,6.149557999999999858e+00
2.766461800000000082e+01,6.109766000000000474e+00
2.769486599999999754e+01,6.081907000000000174e+00
2.771551300000000140e+01,6.077348999999999890e+00
2.772430800000000062e+01,6.091873999999999789e+00
2.772062899999999885e+01,6.099039000000000321e+00
2.772089199999999920e+01,6.124679000000000428e+00
2.773300599999999960e+01,6.150984999999999481e+00
2.774154500000000212e+01,6.167936000000000085e+00
2.775627700000000075e+01,6.185640000000000249e+00
2.777351200000000020e+01,6.201378000000000057e+00
2.778614600000000223e+01,6.200555999999999734e+00
2.779639399999999938e+01,6.185572000000000514e+00
2.780306599999999762e+01,6.179033999999999693e+00
2.781629000000000218e+01,6.189941999999999389e+00
2.784186400000000106e+01,6.199427000000000021e+00
2.787517899999999926e+01,6.222716000000000136e+00
2.789272899999999922e+01,6.244941999999999993e+00
2.789795100000000261e+01,6.232072000000000500e+00
2.790692100000000053e+01,6.218325000000000102e+00
2.790650399999999820e+01,6.208819999999999339e+00
2.790732800000000324e+01,6.195103999999999722e+00
2.792395000000000138e+01,6.183036000000000421e+00
2.794194600000000150e+01,6.194462000000000579e+00
2.796595399999999643e+01,6.205036999999999914e+00
2.798445699999999903e+01,6.226017999999999830e+00
2.798484000000000194e+01,6.251710000000000100e+00
2.798397999999999897e+01,6.259942999999999813e+00
2.797493599999999958e+01,6.262172000000000516e+00
2.796164500000000075e+01,6.274750000000000050e+00
2.795938699999999955e+01,6.297522999999999982e+00
2.795651599999999704e+01,6.323306999999999789e+00
2.795421800000000090e+01,6.348741000000000412e+00
2.794594600000000284e+01,6.369558999999999749e+00
2.794068299999999994e+01,6.383099999999999774e+00
2.794362600000000185e+01,6.392530999999999963e+00
2.795639999999999858e+01,6.389873999999999832e+00
2.796838599999999886e+01,6.383224000000000231e+00
2.797365599999999830e+01,6.370944999999999858e+00
2.796866999999999948e+01,6.369626999999999484e+00
2.795719699999999719e+01,6.366305999999999798e+00
2.793854299999999924e+01,6.373072000000000514e+00
2.791995999999999611e+01,6.383221999999999952e+00
2.791952899999999715e+01,6.387584999999999624e+00
2.793297199999999592e+01,6.406133000000000521e+00
2.793755900000000381e+01,6.417162999999999506e+00
2.792838300000000018e+01,6.426651999999999809e+00
2.790234899999999740e+01,6.424726000000000603e+00
2.787588300000000174e+01,6.405026000000000330e+00
2.786594000000000193e+01,6.381643000000000399e+00
2.787048000000000059e+01,6.363426000000000471e+00
2.788122600000000162e+01,6.353838999999999793e+00
2.790731800000000007e+01,6.367380999999999958e+00
2.792219000000000406e+01,6.392749000000000237e+00
2.792672899999999814e+01,6.423784999999999634e+00
2.792780700000000138e+01,6.446698999999999735e+00
2.792295599999999922e+01,6.459778000000000020e+00
2.791645100000000213e+01,6.483444999999999681e+00
2.791275800000000018e+01,6.506044999999999412e+00
2.789656599999999642e+01,6.519087999999999994e+00
2.787201900000000165e+01,6.524325000000000152e+00
2.786049099999999612e+01,6.531068000000000318e+00
2.786510099999999923e+01,6.515341999999999523e+00
2.788374699999999606e+01,6.501284000000000063e+00
2.791547199999999762e+01,6.487283999999999828e+00
2.793443900000000113e+01,6.468421000000000198e+00
2.794001599999999641e+01,6.457997999999999905e+00
2.793794600000000372e+01,6.462718999999999880e+00
2.793065599999999904e+01,6.458111999999999853e+00
2.792542600000000164e+01,6.461337000000000330e+00
2.791800300000000234e+01,6.461606999999999879e+00
2.791367700000000340e+01,6.461650999999999812e+00
2.791519500000000065e+01,6.463662000000000241e+00
2.790310700000000210e+01,6.468971999999999944e+00
2.788483199999999940e+01,6.456763999999999726e+00
2.787082700000000202e+01,6.447601000000000582e+00
2.786542499999999833e+01,6.448223000000000482e+00
2.788227700000000198e+01,6.434776000000000273e+00
2.791094999999999970e+01,6.433022000000000240e+00
2.793955800000000167e+01,6.436937000000000353e+00
2.795724099999999623e+01,6.446049999999999613e+00
2.795821799999999868e+01,6.466600999999999821e+00
2.794119999999999848e+01,6.479200999999999766e+00
2.792466699999999946e+01,6.482644000000000517e+00
2.790375500000000031e+01,6.491837999999999553e+00
2.789986400000000089e+01,6.504891999999999896e+00
2.789332800000000390e+01,6.523998000000000630e+00
2.787744099999999747e+01,6.551446000000000325e+00
2.786407899999999671e+01,6.566274000000000832e+00
2.785535200000000344e+01,6.565058000000000504e+00
2.785979799999999784e+01,6.559257000000000559e+00
2.788170399999999916e+01,6.548198000000000185e+00
2.791035700000000119e+01,6.535811999999999955e+00
2.792676699999999812e+01,6.524651999999999674e+00
2.792993699999999890e+01,6.512583000000000233e+00
2.791649400000000014e+01,6.505806999999999896e+00
2.789894099999999710e+01,6.484903000000000084e+00
2.787725800000000120e+01,6.459459999999999980e+00
2.785611500000000262e+01,6.449073999999999529e+00
2.785390100000000047e+01,6.442174999999999763e+00
2.786670900000000373e+01,6.439194999999999780e+00
2.787590399999999846e+01,6.429260000000000197e+00
2.788798300000000197e+01,6.393868000000000329e+00
2.788877899999999954e+01,6.372533999999999921e+00
2.788710999999999629e+01,6.358153999999999861e+00
2.789407700000000290e+01,6.326814999999999856e+00
2.791321199999999791e+01,6.290615999999999985e+00
2.793347700000000344e+01,6.294078999999999979e+00
2.795478800000000064e+01,6.311009999999999565e+00
2.796533400000000213e+01,6.334192999999999962e+00
2.797685999999999851e+01,6.350553999999999810e+00
2.799220999999999648e+01,6.352084999999999759e+00
2.799359300000000061e+01,6.370058999999999472e+00
2.799944099999999736e+01,6.395094000000000278e+00
2.800202800000000281e+01,6.417493000000000336e+00
2.799543599999999799e+01,6.437405000000000044e+00
2.798962800000000328e+01,6.445237000000000549e+00
2.798811699999999902e+01,6.451861000000000068e+00
2.798908199999999979e+01,6.448887000000000036e+00
2.799790800000000246e+01,6.438068000000000346e+00
2.801015100000000047e+01,6.431226999999999805e+00
2.801175100000000029e+01,6.436294000000000182e+00
2.800121899999999897e+01,6.443914000000000364e+00
2.798035200000000344e+01,6.467204999999999870e+00
2.796982199999999708e+01,6.504764999999999908e+00
2.796052199999999743e+01,6.544262000000000690e+00
2.795702400000000054e+01,6.598005000000000564e+00
2.794576099999999741e+01,6.647035999999999945e+00
2.792640300000000408e+01,6.669271000000001060e+00
2.789544500000000227e+01,6.681032000000000970e+00
2.787075600000000009e+01,6.687391000000000751e+00
2.787535100000000199e+01,6.690228000000000286e+00
2.789077899999999843e+01,6.707499999999999574e+00
2.790872600000000148e+01,6.721566999999999403e+00
2.792721699999999885e+01,6.751578999999999553e+00
2.793234600000000256e+01,6.775166000000000466e+00
2.793870399999999776e+01,6.805889999999999773e+00
2.794172299999999964e+01,6.822366000000000597e+00
2.793050800000000322e+01,6.842757000000000644e+00
2.792329399999999850e+01,6.866697999999999524e+00
2.792735100000000159e+01,6.884769999999999612e+00
2.794059400000000082e+01,6.912241999999999997e+00
2.795250300000000365e+01,6.927372999999999337e+00
2.795568700000000106e+01,6.929960000000000342e+00
2.796019199999999927e+01,6.923402999999999530e+00
2.796851300000000151e+01,6.907383999999999524e+00
2.798411799999999872e+01,6.879904999999999937e+00
2.799389600000000300e+01,6.858382000000000644e+00
2.800242199999999571e+01,6.848330000000000695e+00
2.800455099999999931e+01,6.842761999999999567e+00
2.800260700000000114e+01,6.849257000000000595e+00
2.800266300000000186e+01,6.865777000000000463e+00
2.801825700000000197e+01,6.899116999999999500e+00
2.802825499999999792e+01,6.938341000000000314e+00
2.802729600000000332e+01,6.959293999999999869e+00
2.802389300000000105e+01,6.965451999999999977e+00
2.801716799999999807e+01,6.973689999999999500e+00
2.802954500000000237e+01,6.965374000000000621e+00
2.805414600000000291e+01,6.951725999999999850e+00
2.806546799999999919e+01,6.951721000000000927e+00
2.807454299999999847e+01,6.961341000000000001e+00
2.808650000000000091e+01,6.989313000000000109e+00
2.808603900000000309e+01,7.023702000000000112e+00
2.808597600000000227e+01,7.040766000000000524e+00
2.808495900000000134e+01,7.069741999999999749e+00
2.808185200000000137e+01,7.106950999999999574e+00
2.808644500000000122e+01,7.134522000000000475e+00
2.808408000000000015e+01,7.154657000000000266e+00
2.807444600000000179e+01,7.163638999999999868e+00
2.806446500000000199e+01,7.169000999999999735e+00
2.806551599999999880e+01,7.160822999999999716e+00
2.808186500000000407e+01,7.147814000000000334e+00
2.810698300000000316e+01,7.130281000000000091e+00
2.812481500000000167e+01,7.123297999999999242e+00
2.813523700000000005e+01,7.125572999999999269e+00
2.812801599999999880e+01,7.133710999999999913e+00
2.811750200000000177e+01,7.142025999999999542e+00
2.811545399999999617e+01,7.145249999999999879e+00
2.811854899999999802e+01,7.149742999999999071e+00
2.811700200000000294e+01,7.156019999999999825e+00
2.812419500000000028e+01,7.162560000000000926e+00
2.812870600000000110e+01,7.175368999999999886e+00
2.811860100000000173e+01,7.177317999999999643e+00
2.810481500000000210e+01,7.178524999999999601e+00
2.808761799999999909e+01,7.166628000000000220e+00
2.809475700000000131e+01,7.156266999999999712e+00
2.812700500000000048e+01,7.154256000000000171e+00
2.814937199999999606e+01,7.153850999999999516e+00
2.815902100000000274e+01,7.168039000000000271e+00
2.815453300000000070e+01,7.197477000000000125e+00
2.813905499999999904e+01,7.220267999999999020e+00
2.812326599999999743e+01,7.226666000000000700e+00
2.810609399999999880e+01,7.228533999999999793e+00
2.808132399999999862e+01,7.231763000000000829e+00
2.807157499999999928e+01,7.234060999999999630e+00
2.807027199999999567e+01,7.242585000000000939e+00
2.806183199999999900e+01,7.252047000000000132e+00
2.805201100000000025e+01,7.250592999999999400e+00
2.803894000000000375e+01,7.246436000000000099e+00
2.803942899999999838e+01,7.238271000000001010e+00
2.806374500000000083e+01,7.218667999999999196e+00
2.810938499999999607e+01,7.194403999999999577e+00
2.814802700000000257e+01,7.168849999999999945e+00
2.817029600000000045e+01,7.155274000000000356e+00
2.816814000000000107e+01,7.127716000000000385e+00
2.816057400000000044e+01,7.091543999999999848e+00
2.815422600000000131e+01,7.068788000000000515e+00
2.815040399999999821e+01,7.068113999999999564e+00
2.815591400000000277e+01,7.069792999999998884e+00
2.816799199999999814e+01,7.066474999999999618e+00
2.816570700000000116e+01,7.060646000000000200e+00
2.815724399999999861e+01,7.053844999999999921e+00
2.814499699999999649e+01,7.065674999999999706e+00
2.813850800000000163e+01,7.081672999999999440e+00
2.814006799999999942e+01,7.076364999999999128e+00
2.814024500000000018e+01,7.070930000000000604e+00
2.814055300000000415e+01,7.086742999999999348e+00
2.814514000000000138e+01,7.130285999999999902e+00
2.814347100000000168e+01,7.179527000000000214e+00
2.813626500000000163e+01,7.208941000000000265e+00
2.812010200000000282e+01,7.245367999999999142e+00
2.809326400000000135e+01,7.267413999999999596e+00
2.806718800000000158e+01,7.299099000000000892e+00
2.806876899999999964e+01,7.325530999999999793e+00
2.808674600000000154e+01,7.346905000000000463e+00
2.810131500000000315e+01,7.339622000000000313e+00
2.809640900000000130e+01,7.305867000000000111e+00
2.807073800000000219e+01,7.253116999999999592e+00
2.805425599999999875e+01,7.158952000000000204e+00
2.806796099999999683e+01,7.057002999999999915e+00
2.810265000000000057e+01,6.996755999999999531e+00
2.814091099999999912e+01,6.945682000000000578e+00
2.817263200000000012e+01,6.900392999999999333e+00
2.820847700000000202e+01,6.858291999999999611e+00
2.824986599999999726e+01,6.833305999999999436e+00
2.828876899999999850e+01,6.827688000000000201e+00
2.831511899999999926e+01,6.809153000000000233e+00
2.835678700000000063e+01,6.772375999999999507e+00
2.841216500000000167e+01,6.744655000000000733e+00
2.845425200000000032e+01,6.732330999999999399e+00
2.847159399999999962e+01,6.722300999999999860e+00
2.845856900000000067e+01,6.721213000000000548e+00
2.842178499999999630e+01,6.713508000000000031e+00
2.838649399999999901e+01,6.707372999999999585e+00
2.833061599999999913e+01,6.748130000000000628e+00
2.826090399999999647e+01,6.797813000000000550e+00
2.818218800000000002e+01,6.837210000000000676e+00
2.809330200000000133e+01,6.874505999999999339e+00
2.802838900000000066e+01,6.906919000000000253e+00
2.800591500000000167e+01,6.941525999999999641e+00
2.799939699999999831e+01,6.980653999999999471e+00
2.800410100000000213e+01,7.005472999999999395e+00
2.797930099999999953e+01,7.037203999999999127e+00
2.789782700000000304e+01,7.060549000000000852e+00
2.779617100000000107e+01,7.036703000000000152e+00
2.769266899999999865e+01,7.021018999999999899e+00
2.759786199999999923e+01,7.026491000000000042e+00
2.753962299999999885e+01,7.023369000000000639e+00
2.751160000000000139e+01,7.013944000000000401e+00
2.749265499999999918e+01,7.036253000000000313e+00
2.748680900000000094e+01,7.043658999999999892e+00
2.748789400000000072e+01,7.047525000000000261e+00
2.748143599999999864e+01,7.067908000000000079e+00
2.747063400000000399e+01,7.059986999999999568e+00
2.746165500000000037e+01,7.032858999999999305e+00
2.743704000000000320e+01,7.014935999999999616e+00
2.742868400000000406e+01,6.984513000000000638e+00
2.743382299999999674e+01,6.946353999999999473e+00
2.745310999999999879e+01,6.911557000000001061e+00
2.749232700000000307e+01,6.902227000000000778e+00
2.752288199999999918e+01,6.909811000000000369e+00
2.751883899999999983e+01,6.922075999999999674e+00
2.749330700000000149e+01,6.932299999999999685e+00
2.744862000000000180e+01,6.935124000000000954e+00
2.742150099999999924e+01,6.912592999999999321e+00
2.743506999999999962e+01,6.917599000000000942e+00
2.745956599999999881e+01,6.947428999999999633e+00
2.750211099999999931e+01,6.942261000000000237e+00
2.754714600000000146e+01,6.921721000000000679e+00
2.759147100000000208e+01,6.899282000000000359e+00
2.763226900000000086e+01,6.877244000000000135e+00
2.765086699999999809e+01,6.859824000000000588e+00
2.763034600000000296e+01,6.888853999999999367e+00
2.758028400000000246e+01,6.946814999999999074e+00
2.752724299999999857e+01,7.003507000000000815e+00
2.748471299999999928e+01,7.070724000000000231e+00
2.746466099999999955e+01,7.133050999999999142e+00
2.746519699999999631e+01,7.183717999999998938e+00
2.749405900000000358e+01,7.212177999999999756e+00
2.752323900000000023e+01,7.247488999999999848e+00
2.752807800000000427e+01,7.247880000000000322e+00
2.752018200000000192e+01,7.218385000000000495e+00
2.749967600000000090e+01,7.186907999999999852e+00
2.746909300000000087e+01,7.165939999999999088e+00
2.744734199999999902e+01,7.164575999999999389e+00
2.742507700000000170e+01,7.191277999999999615e+00
2.738956099999999694e+01,7.230614999999999348e+00
2.735407999999999973e+01,7.280072999999999794e+00
2.731285700000000105e+01,7.308664000000000271e+00
2.727933300000000116e+01,7.321135000000000836e+00
2.726129699999999545e+01,7.336060999999999943e+00
2.724314899999999895e+01,7.347149000000000818e+00
2.722967000000000226e+01,7.361358000000000068e+00
2.721872299999999711e+01,7.373841000000000534e+00
2.720409400000000133e+01,7.380460000000000242e+00
2.719786799999999971e+01,7.366855000000000153e+00
2.720579899999999895e+01,7.335354999999999848e+00
2.722785599999999917e+01,7.299007000000000467e+00
2.726351899999999873e+01,7.268349000000000615e+00
2.729615399999999781e+01,7.254716999999999416e+00
2.732438300000000098e+01,7.250891000000000197e+00
2.734671799999999919e+01,7.258760999999999797e+00
2.735660399999999726e+01,7.257013000000000602e+00
2.736383599999999916e+01,7.253683999999999799e+00
2.736731299999999933e+01,7.248492999999998965e+00
2.737366699999999753e+01,7.244352000000000125e+00
2.738196900000000156e+01,7.245316000000000756e+00
2.737722000000000122e+01,7.238133000000000372e+00
2.736424799999999991e+01,7.210852000000000039e+00
2.735784000000000304e+01,7.195305000000000284e+00
2.735843300000000156e+01,7.188658000000000214e+00
2.737521900000000130e+01,7.177427999999999919e+00
2.739143400000000383e+01,7.162091999999999459e+00
2.739680300000000202e+01,7.162596999999999881e+00
2.740080800000000139e+01,7.166833000000000453e+00
2.739994199999999935e+01,7.174246000000001011e+00
2.738679699999999784e+01,7.181468999999999880e+00
2.736588300000000018e+01,7.183319000000000010e+00
2.734191099999999963e+01,7.187386999999999304e+00
2.733154899999999898e+01,7.210380999999999929e+00
2.732312999999999903e+01,7.238972999999999658e+00
2.729594600000000071e+01,7.278560999999999837e+00
2.725694099999999764e+01,7.309750000000000192e+00
2.720036299999999940e+01,7.324256000000000100e+00
2.713863800000000026e+01,7.347733999999999988e+00
2.708863599999999749e+01,7.361611999999999156e+00
2.705814000000000163e+01,7.355030000000000179e+00
2.702460300000000260e+01,7.330238999999999727e+00
2.697534000000000276e+01,7.302299999999999791e+00
2.692048499999999933e+01,7.271216000000000790e+00
2.686501500000000320e+01,7.270342999999999556e+00
2.683124699999999763e+01,7.287627000000000521e+00
2.681266400000000161e+01,7.314974999999999561e+00
2.678102499999999964e+01,7.335833999999999300e+00
2.672477100000000050e+01,7.317716000000000776e+00
2.664438599999999724e+01,7.296597000000000222e+00
2.653051199999999810e+01,7.283649000000000484e+00
2.643137000000000114e+01,7.249041000000000068e+00
2.637663799999999981e+01,7.204919999999999547e+00
2.634165399999999835e+01,7.166627000000000081e+00
2.630438799999999944e+01,7.153042999999999374e+00
2.623383700000000118e+01,7.161417000000000144e+00
2.606817399999999907e+01,7.181249000000000215e+00
2.578988500000000172e+01,7.209724999999999717e+00
2.538254899999999736e+01,7.256949999999999790e+00
2.483559400000000039e+01,7.314799000000000717e+00
2.408755100000000127e+01,7.351242000000000054e+00
2.305873900000000276e+01,7.357321000000000666e+00
2.162438200000000066e+01,7.340913000000000466e+00
1.949599800000000016e+01,7.328397999999999968e+00
1.647968099999999936e+01,7.299586999999999826e+00
1.258249799999999929e+01,7.274172000000000082e+00
7.935892999999999198e+00,7.340656000000000070e+00
2.689074000000000186e+00,7.498841000000000534e+00
-3.003226999999999869e+00,7.724702000000000623e+00
-8.917783999999999267e+00,7.978200999999999432e+00
-1.496429700000000018e+01,8.536607000000000056e+00
-2.126683200000000085e+01,9.608665000000000234e+00
-2.753648199999999946e+01,1.056478899999999932e+01
-3.333999299999999977e+01,1.116868099999999941e+01
-3.856640600000000063e+01,1.154757100000000136e+01
-4.317272600000000438e+01,1.185559199999999969e+01
-4.717156200000000155e+01,1.208776899999999976e+01
-5.059310500000000133e+01,1.221652399999999972e+01
-5.364663299999999424e+01,1.226405300000000054e+01
-5.636793899999999979e+01,1.226686100000000046e+01
-5.885771600000000348e+01,1.225396499999999911e+01
-6.127440600000000615e+01,1.221667599999999965e+01
-6.367769599999999741e+01,1.214998999999999896e+01
-6.610199699999999723e+01,1.207082699999999953e+01
-6.854634899999999220e+01,1.195728999999999864e+01
-7.104372399999999743e+01,1.186511799999999894e+01
-7.368685899999999833e+01,1.173975800000000014e+01
-7.645725300000000857e+01,1.158390499999999967e+01
-7.930020100000000127e+01,1.134656099999999945e+01
-8.222148900000000538e+01,1.103854299999999888e+01
-8.524744399999998734e+01,1.071273399999999931e+01
-8.831288899999999842e+01,1.037916700000000070e+01
-9.135156999999999528e+01,1.001606999999999914e+01
-9.423187299999999311e+01,9.668616000000000099e+00
-9.694243600000000072e+01,9.325689999999999813e+00
-9.960408000000001039e+01,8.919432999999999723e+00
-1.022105030000000028e+02,8.601036000000000570e+00
-1.046890339999999924e+02,8.504535000000000622e+00
-1.070112919999999974e+02,8.460077000000000069e+00
-1.091119840000000067e+02,8.407118999999999787e+00
-1.109724350000000044e+02,8.374847000000000818e+00
-1.126648939999999897e+02,8.241742999999999597e+00
-1.142489169999999916e+02,7.914217999999999087e+00
-1.158473360000000127e+02,7.535186000000000384e+00
-1.174717179999999956e+02,7.110650999999999833e+00
-1.190786820000000006e+02,6.697756000000000043e+00
-1.206111980000000017e+02,6.488280999999999743e+00
-1.220790860000000038e+02,6.515011000000000330e+00
-1.233672940000000011e+02,6.815682000000000684e+00
-1.245236360000000104e+02,7.382581000000000060e+00
-1.255826720000000023e+02,8.043652999999999054e+00
-1.264854199999999906e+02,8.776538000000000395e+00
-1.273140949999999947e+02,9.443220000000000169e+00
-1.280401310000000024e+02,9.952339999999999520e+00
-1.286583399999999813e+02,1.021728899999999918e+01
-1.291524660000000040e+02,1.032137499999999974e+01
-1.295873870000000068e+02,1.038604400000000005e+01
-1.300785219999999924e+02,1.040728000000000009e+01
-1.306120760000000018e+02,1.054881999999999920e+01
-1.312007289999999955e+02,1.079945799999999956e+01
-1.317745510000000024e+02,1.099600299999999997e+01
-1.322416530000000137e+02,1.113579299999999961e+01
-1.326088870000000099e+02,1.125304400000000093e+01
-1.328331149999999923e+02,1.133725500000000075e+01
-1.329695129999999779e+02,1.140611499999999978e+01
-1.330574039999999911e+02,1.143802499999999966e+01
