2.569609999999999950e+00,1.841307300000000069e+01
2.163904999999999745e+00,1.830141099999999810e+01
1.885481999999999880e+00,1.822249200000000258e+01
1.607231999999999994e+00,1.813729999999999976e+01
1.459929999999999950e+00,1.809733800000000059e+01
1.149696999999999969e+00,1.800927199999999928e+01
8.160089999999999844e-01,1.792864399999999847e+01
4.456050000000000288e-01,1.786950700000000225e+01
-3.306000000000000345e-03,1.782792900000000103e+01
-5.656760000000000677e-01,1.780012900000000187e+01
-1.278116000000000030e+00,1.782344800000000262e+01
-2.126163000000000025e+00,1.791476400000000169e+01
-3.040980999999999934e+00,1.805020499999999828e+01
-3.947783999999999516e+00,1.819665700000000186e+01
-4.813288000000000011e+00,1.833723299999999767e+01
-5.641019000000000005e+00,1.850358800000000059e+01
-6.436469000000000662e+00,1.868253299999999939e+01
-7.228669000000000011e+00,1.880167399999999844e+01
-8.031394999999999840e+00,1.884139100000000155e+01
-8.861219999999999430e+00,1.878344899999999740e+01
-9.728717999999998867e+00,1.867216700000000174e+01
-1.065355399999999975e+01,1.853220699999999965e+01
-1.164067400000000063e+01,1.832889600000000030e+01
-1.267713399999999879e+01,1.806275700000000128e+01
-1.371151199999999903e+01,1.778249699999999933e+01
-1.468717499999999987e+01,1.750319100000000105e+01
-1.560293900000000100e+01,1.723552099999999854e+01
-1.650257500000000022e+01,1.702199599999999791e+01
-1.745277799999999857e+01,1.689592700000000036e+01
-1.850095199999999807e+01,1.683426700000000054e+01
-1.962624399999999980e+01,1.689512300000000167e+01
-2.065585499999999897e+01,1.712004999999999910e+01
-2.132801200000000108e+01,1.746997600000000261e+01
-2.142710299999999890e+01,1.800245899999999821e+01
-2.082097600000000170e+01,1.864514199999999988e+01
-1.966151199999999832e+01,1.936569000000000074e+01
-1.822537999999999769e+01,2.016705100000000073e+01
-1.678458200000000033e+01,2.092155799999999743e+01
-1.550702600000000153e+01,2.155985799999999841e+01
-1.453891199999999984e+01,2.216905600000000121e+01
-1.397198299999999804e+01,2.277822099999999850e+01
-1.383545699999999989e+01,2.334924099999999925e+01
-1.426398499999999991e+01,2.391822099999999907e+01
-1.546529299999999907e+01,2.453634299999999868e+01
-1.767986099999999894e+01,2.529504599999999925e+01
-2.091990700000000203e+01,2.609929299999999941e+01
-2.496536299999999997e+01,2.688179399999999930e+01
-2.950326699999999747e+01,2.763608699999999985e+01
-3.444260399999999578e+01,2.839017700000000133e+01
-3.970962899999999962e+01,2.907489199999999840e+01
-4.509567599999999743e+01,2.964478900000000294e+01
-5.016991399999999857e+01,3.010379199999999855e+01
-5.459395200000000159e+01,3.039388100000000037e+01
-5.818614599999999371e+01,3.066945100000000224e+01
-6.077556999999999476e+01,3.097809000000000168e+01
-6.229452099999999604e+01,3.117199899999999957e+01
-6.293886899999999684e+01,3.111519600000000096e+01
-6.294951600000000269e+01,3.092891099999999938e+01
-6.262184899999999743e+01,3.065443799999999896e+01
-6.225688900000000103e+01,3.030360999999999905e+01
-6.203848299999999227e+01,3.001904699999999693e+01
-6.204187399999999997e+01,2.978756900000000130e+01
-6.217071500000000128e+01,2.949066400000000243e+01
-6.232762499999999761e+01,2.912657499999999899e+01
-6.246335600000000454e+01,2.869272800000000245e+01
-6.252358600000000166e+01,2.820850399999999780e+01
-6.252378100000000671e+01,2.771004699999999588e+01
-6.252001200000000125e+01,2.727335900000000279e+01
-6.253273000000000792e+01,2.690799099999999910e+01
-6.258470500000000669e+01,2.656230700000000056e+01
-6.266706099999999680e+01,2.625607100000000216e+01
-6.280517600000000300e+01,2.602600899999999839e+01
-6.298667099999999408e+01,2.587073099999999926e+01
-6.317295500000000175e+01,2.578559699999999921e+01
-6.337416500000000497e+01,2.581395900000000054e+01
-6.357303600000000188e+01,2.590946399999999983e+01
-6.378634999999999877e+01,2.606152200000000008e+01
-6.405474900000000105e+01,2.623331800000000058e+01
-6.445335400000000448e+01,2.634990499999999969e+01
-6.518409699999999418e+01,2.642880099999999999e+01
-6.640951499999999896e+01,2.645538300000000120e+01
-6.771688100000000077e+01,2.641373800000000216e+01
-6.891409300000000826e+01,2.655920800000000170e+01
-7.004357100000000003e+01,2.683815999999999846e+01
-7.100195300000000032e+01,2.711695100000000025e+01
-7.182054899999999975e+01,2.734523599999999988e+01
-7.253763599999999201e+01,2.753252600000000072e+01
-7.325538600000000145e+01,2.768797100000000100e+01
-7.409352900000000375e+01,2.781636400000000009e+01
-7.535296600000000922e+01,2.798319600000000307e+01
-7.735442399999999452e+01,2.821543499999999938e+01
-8.016288799999999526e+01,2.848194900000000018e+01
-8.344483900000000176e+01,2.875951599999999786e+01
-8.691336099999999476e+01,2.899634899999999860e+01
-9.034129300000000740e+01,2.914967299999999639e+01
-9.361863699999999255e+01,2.924615900000000224e+01
-9.672077199999999664e+01,2.927222100000000182e+01
-9.955688499999999408e+01,2.919423700000000110e+01
-1.021174089999999950e+02,2.905595599999999834e+01
-1.043836589999999944e+02,2.887999199999999789e+01
-1.063452000000000055e+02,2.867788699999999835e+01
-1.080199970000000036e+02,2.845146799999999843e+01
-1.094635159999999985e+02,2.817596999999999952e+01
-1.107299419999999941e+02,2.790037000000000234e+01
-1.118737560000000002e+02,2.760609199999999674e+01
-1.128763959999999997e+02,2.719992100000000335e+01
-1.137538600000000031e+02,2.665092800000000395e+01
-1.145602110000000096e+02,2.597653599999999940e+01
-1.152721020000000038e+02,2.526623500000000178e+01
-1.157722929999999906e+02,2.448609500000000239e+01
-1.160706709999999902e+02,2.352879500000000235e+01
-1.162287139999999965e+02,2.247172399999999826e+01
-1.161764909999999986e+02,2.144675300000000107e+01
-1.158568800000000039e+02,2.040834200000000109e+01
-1.151900330000000139e+02,1.927325799999999845e+01
-1.140194320000000090e+02,1.789101000000000141e+01
-1.121503830000000050e+02,1.617090999999999923e+01
-1.094325870000000123e+02,1.407526200000000038e+01
-1.060719300000000089e+02,1.167256000000000071e+01
-1.024824749999999938e+02,9.102420000000000400e+00
-9.889257800000000032e+01,6.397871000000000308e+00
-9.540315200000000573e+01,3.691336000000000173e+00
-9.221267699999999934e+01,1.228829999999999867e+00
-8.941576399999999580e+01,-1.029682999999999904e+00
-8.691561099999999840e+01,-3.160747999999999891e+00
-8.478851299999999469e+01,-5.057155000000000733e+00
-8.309427600000000780e+01,-6.661653999999999520e+00
-8.182003000000000270e+01,-8.066634000000000526e+00
-8.103366899999998907e+01,-9.150266000000000233e+00
-8.072757699999999659e+01,-1.001600200000000029e+01
-8.082183799999999962e+01,-1.076409100000000052e+01
-8.116812099999999930e+01,-1.144606999999999886e+01
-8.159638199999999131e+01,-1.208889100000000028e+01
-8.197939300000000173e+01,-1.267743600000000015e+01
-8.222076400000000262e+01,-1.324756900000000037e+01
-8.225491300000000194e+01,-1.382551899999999989e+01
-8.204612000000000194e+01,-1.431176099999999884e+01
-8.155848699999999951e+01,-1.479719200000000079e+01
-8.074956500000000403e+01,-1.529166400000000081e+01
-7.956047800000000336e+01,-1.581237499999999940e+01
-7.795336199999999849e+01,-1.625302100000000038e+01
-7.604418900000000292e+01,-1.660990699999999975e+01
-7.396653700000000242e+01,-1.689460899999999910e+01
-7.182112099999999089e+01,-1.712881900000000002e+01
-6.969259599999999466e+01,-1.734884800000000027e+01
-6.759916700000000844e+01,-1.756739200000000167e+01
-6.552393299999999954e+01,-1.779668399999999906e+01
-6.346126199999999784e+01,-1.810239999999999938e+01
-6.138337299999999885e+01,-1.839153900000000164e+01
-5.929451399999999950e+01,-1.858718299999999957e+01
-5.716846800000000428e+01,-1.876676199999999994e+01
-5.503432099999999849e+01,-1.881134199999999979e+01
-5.291484499999999258e+01,-1.877568099999999873e+01
-5.079861799999999761e+01,-1.875451099999999727e+01
-4.870763400000000587e+01,-1.878223999999999805e+01
-4.663441500000000417e+01,-1.883357000000000170e+01
-4.461102699999999999e+01,-1.891840600000000094e+01
-4.267279800000000023e+01,-1.903375199999999978e+01
-4.083952299999999980e+01,-1.911981400000000164e+01
-3.912986800000000187e+01,-1.917119399999999985e+01
-3.761251800000000145e+01,-1.921139099999999900e+01
-3.631804699999999997e+01,-1.928153200000000211e+01
-3.523042299999999472e+01,-1.940884199999999993e+01
-3.435506800000000283e+01,-1.961425200000000046e+01
-3.369261900000000054e+01,-1.993687800000000010e+01
-3.319290200000000368e+01,-2.033691599999999866e+01
-3.277331500000000375e+01,-2.084562499999999829e+01
-3.225749199999999917e+01,-2.152576400000000234e+01
-3.122234500000000068e+01,-2.236167500000000175e+01
-2.948356799999999822e+01,-2.342088700000000046e+01
-2.746277000000000257e+01,-2.465301300000000140e+01
-2.561300100000000057e+01,-2.575775900000000007e+01
-2.414152699999999996e+01,-2.652823400000000120e+01
-2.299821299999999979e+01,-2.701934600000000231e+01
-2.199897400000000047e+01,-2.739510200000000140e+01
-2.100290899999999894e+01,-2.765312199999999621e+01
-2.005528800000000089e+01,-2.768717800000000295e+01
-1.928020700000000076e+01,-2.761132000000000275e+01
-1.873713300000000004e+01,-2.758869199999999822e+01
-1.842314299999999960e+01,-2.767772299999999674e+01
-1.826823800000000020e+01,-2.784671599999999714e+01
-1.816976899999999873e+01,-2.804334099999999808e+01
-1.803146200000000121e+01,-2.824792899999999918e+01
-1.778659800000000146e+01,-2.844247400000000070e+01
-1.735166700000000262e+01,-2.857156599999999713e+01
-1.663601700000000250e+01,-2.867216699999999818e+01
-1.556351700000000093e+01,-2.878757899999999736e+01
-1.414261600000000030e+01,-2.885826099999999883e+01
-1.248625299999999960e+01,-2.890250399999999686e+01
-1.072814100000000082e+01,-2.896880499999999969e+01
-8.993807999999999581e+00,-2.914143200000000178e+01
-7.391767999999999006e+00,-2.950517999999999930e+01
-5.991805000000000270e+00,-3.015154600000000329e+01
-4.815673000000000314e+00,-3.097981500000000210e+01
-3.802359999999999740e+00,-3.184513499999999908e+01
-2.858690000000000175e+00,-3.284585999999999473e+01
-2.051625000000000032e+00,-3.396043800000000346e+01
-1.400313999999999837e+00,-3.500745399999999563e+01
-9.728139999999999565e-01,-3.590785600000000244e+01
-8.717600000000000904e-01,-3.678106700000000018e+01
-9.121139999999999803e-01,-3.773221599999999398e+01
-8.725569999999999160e-01,-3.869751000000000118e+01
-7.736330000000000151e-01,-3.967225599999999730e+01
-7.451360000000000205e-01,-4.082633200000000073e+01
-8.299549999999998873e-01,-4.211955600000000288e+01
-9.971849999999999881e-01,-4.330429500000000331e+01
-1.228329000000000004e+00,-4.447249599999999958e+01
-1.412144000000000066e+00,-4.549424400000000190e+01
-1.586667000000000050e+00,-4.616585200000000100e+01
-1.861399000000000248e+00,-4.660862699999999847e+01
-2.235292999999999974e+00,-4.702861400000000458e+01
-2.663502000000000258e+00,-4.746352800000000371e+01
-3.205238000000000032e+00,-4.781154599999999988e+01
-3.883130999999999666e+00,-4.804456300000000368e+01
-4.517019999999999591e+00,-4.827410499999999871e+01
-4.967124000000000095e+00,-4.857357400000000069e+01
-5.196908000000000527e+00,-4.890036800000000028e+01
-5.141143000000000463e+00,-4.924538400000000138e+01
-4.639117999999999853e+00,-4.957527899999999477e+01
-3.657872000000000234e+00,-4.997780999999999807e+01
-2.281517000000000017e+00,-5.054327399999999670e+01
-6.376720000000000166e-01,-5.121367300000000000e+01
1.163564999999999960e+00,-5.182046100000000166e+01
3.005819999999999936e+00,-5.221804799999999602e+01
4.650314999999999976e+00,-5.253338600000000014e+01
5.956672000000000189e+00,-5.295819100000000645e+01
6.851977000000000650e+00,-5.351420200000000449e+01
7.413603000000000165e+00,-5.406061899999999554e+01
7.776061000000000334e+00,-5.454409799999999819e+01
7.984146000000000853e+00,-5.505956999999999368e+01
8.079470999999999847e+00,-5.569716600000000284e+01
8.094013999999999598e+00,-5.647415900000000022e+01
8.178925999999998808e+00,-5.731773799999999852e+01
8.343448999999999671e+00,-5.810398899999999855e+01
8.676503000000000299e+00,-5.877372700000000094e+01
9.195186999999998889e+00,-5.931673800000000085e+01
9.849211000000000382e+00,-5.981258799999999809e+01
1.069741600000000048e+01,-6.030035400000000578e+01
1.205467499999999959e+01,-6.085821500000000128e+01
1.363091299999999961e+01,-6.150820200000000426e+01
1.526682999999999879e+01,-6.229796999999999230e+01
1.685150499999999951e+01,-6.322869100000000486e+01
1.847043999999999997e+01,-6.401860000000000639e+01
2.020561000000000007e+01,-6.453604900000000555e+01
2.194549599999999856e+01,-6.491130799999999113e+01
2.362426800000000071e+01,-6.515121500000000765e+01
2.524151799999999923e+01,-6.530034599999999045e+01
2.683438900000000160e+01,-6.543814100000000167e+01
2.829152299999999798e+01,-6.562945600000000468e+01
2.955181900000000184e+01,-6.586558499999999583e+01
3.059552399999999750e+01,-6.610183700000000329e+01
3.133276599999999590e+01,-6.636065699999998913e+01
3.196468699999999785e+01,-6.667471299999999701e+01
3.217204999999999870e+01,-6.694555699999999376e+01
3.216717500000000030e+01,-6.720089000000000112e+01
3.210061999999999927e+01,-6.743927800000000161e+01
3.218584400000000301e+01,-6.766542099999999493e+01
3.247690599999999961e+01,-6.789736200000000110e+01
3.314710600000000085e+01,-6.811830899999999644e+01
3.416281500000000193e+01,-6.831285099999999488e+01
3.539300200000000274e+01,-6.850071700000000874e+01
3.663656199999999785e+01,-6.869930999999999699e+01
3.773803300000000149e+01,-6.888590200000000152e+01
3.861645500000000197e+01,-6.904243499999999756e+01
3.922113000000000227e+01,-6.918244900000000541e+01
3.957124300000000261e+01,-6.934769399999998996e+01
3.974127999999999616e+01,-6.957680500000000734e+01
3.983234399999999908e+01,-6.990798999999999808e+01
4.009351699999999852e+01,-7.042579700000000287e+01
4.074866500000000258e+01,-7.121909300000000087e+01
4.250677899999999454e+01,-7.242322500000000218e+01
4.568906799999999890e+01,-7.372507500000000391e+01
5.022916000000000025e+01,-7.470555899999999383e+01
5.601198600000000027e+01,-7.515771499999999605e+01
6.241070899999999710e+01,-7.528256999999999266e+01
6.895849599999999668e+01,-7.542494200000000149e+01
7.491442099999999016e+01,-7.557434100000000399e+01
8.023196400000000494e+01,-7.564708699999999908e+01
8.442931400000000508e+01,-7.556742900000000418e+01
8.764390600000000120e+01,-7.534563399999998978e+01
9.053697199999999157e+01,-7.512771600000000660e+01
9.333091000000000292e+01,-7.498439000000000476e+01
9.607522600000000068e+01,-7.488183599999999274e+01
9.855334499999999309e+01,-7.478973399999999572e+01
1.007053449999999941e+02,-7.465626500000000476e+01
1.027473750000000052e+02,-7.446224200000000337e+01
1.049075699999999927e+02,-7.418611099999999681e+01
1.071204070000000002e+02,-7.371370699999999943e+01
1.095923389999999955e+02,-7.326421399999999551e+01
1.122303009999999972e+02,-7.277765699999999072e+01
1.142624889999999880e+02,-7.222445700000000102e+01
1.157056429999999949e+02,-7.173319200000000251e+01
1.165841449999999924e+02,-7.142032600000000286e+01
1.167171939999999921e+02,-7.123402400000000512e+01
1.161054149999999936e+02,-7.111149600000000248e+01
1.145991970000000038e+02,-7.099435400000000129e+01
1.121378479999999911e+02,-7.076592300000000080e+01
1.086981659999999863e+02,-7.024538400000000138e+01
1.046997530000000012e+02,-6.936518900000000087e+01
1.004525300000000101e+02,-6.823279599999999334e+01
9.618690500000001009e+01,-6.686805699999999320e+01
9.192115799999999126e+01,-6.522492199999999229e+01
8.766814399999999807e+01,-6.324181700000000461e+01
8.337272600000000011e+01,-6.090623499999999524e+01
7.911684400000000039e+01,-5.833960300000000387e+01
7.510574300000000392e+01,-5.561415099999999967e+01
7.171446199999999749e+01,-5.277068299999999823e+01
6.880986000000000047e+01,-4.982558099999999968e+01
6.632634699999999839e+01,-4.673597300000000132e+01
6.418203699999999401e+01,-4.351203199999999782e+01
6.242499899999999968e+01,-4.031101199999999807e+01
6.090740200000000470e+01,-3.733233299999999844e+01
5.964457700000000528e+01,-3.464331800000000072e+01
5.854609300000000616e+01,-3.218149900000000230e+01
5.751951999999999288e+01,-2.983776299999999893e+01
5.648522200000000026e+01,-2.761838300000000146e+01
5.550993299999999664e+01,-2.530414000000000030e+01
5.457292600000000249e+01,-2.279117399999999805e+01
5.364449699999999410e+01,-2.015746099999999785e+01
5.284748100000000903e+01,-1.755353200000000058e+01
5.215735999999999706e+01,-1.497620400000000096e+01
5.142990900000000210e+01,-1.227310199999999973e+01
5.063279699999999650e+01,-9.381251999999999924e+00
4.972331199999999995e+01,-6.173048000000000535e+00
4.871865499999999827e+01,-2.817613999999999841e+00
4.773087699999999955e+01,6.105450000000000044e-01
4.661694299999999913e+01,3.910260000000000069e+00
4.546845600000000331e+01,6.712686999999999848e+00
4.444505699999999848e+01,8.984296999999999755e+00
4.357353200000000015e+01,1.097768899999999981e+01
4.292674999999999841e+01,1.282413399999999903e+01
4.254803799999999825e+01,1.442383799999999994e+01
4.244244400000000184e+01,1.580999399999999966e+01
4.254961800000000238e+01,1.723569099999999921e+01
4.259856400000000320e+01,1.872911300000000168e+01
4.247295400000000143e+01,2.029888500000000207e+01
4.205833400000000211e+01,2.201807799999999915e+01
4.110131799999999913e+01,2.376123399999999819e+01
3.975885399999999947e+01,2.507623099999999994e+01
3.838114500000000362e+01,2.592588999999999899e+01
3.707619900000000257e+01,2.653151099999999829e+01
3.590277100000000132e+01,2.701304999999999978e+01
3.490859600000000285e+01,2.752068900000000085e+01
3.407707199999999403e+01,2.796336900000000014e+01
3.349347300000000160e+01,2.815295599999999965e+01
3.317661300000000324e+01,2.825220700000000207e+01
3.279974699999999643e+01,2.869514500000000012e+01
3.224857700000000449e+01,2.941589899999999957e+01
3.165319600000000122e+01,3.023217400000000055e+01
3.110677700000000101e+01,3.082747499999999974e+01
3.065561900000000151e+01,3.128943800000000053e+01
3.023689799999999650e+01,3.180367100000000136e+01
2.969912000000000063e+01,3.224167299999999869e+01
2.901740300000000161e+01,3.264661399999999958e+01
2.821599600000000052e+01,3.307954399999999850e+01
2.726505500000000026e+01,3.340028399999999920e+01
2.634714500000000115e+01,3.364055300000000415e+01
2.568501900000000049e+01,3.395678300000000149e+01
2.511007700000000042e+01,3.436684400000000039e+01
2.438279899999999856e+01,3.501145600000000258e+01
2.348417699999999897e+01,3.587998199999999827e+01
2.246933699999999945e+01,3.690850100000000111e+01
2.142320600000000042e+01,3.810203200000000123e+01
2.034868799999999922e+01,3.926564400000000177e+01
1.911188500000000090e+01,4.018561599999999601e+01
1.755461299999999980e+01,4.072975900000000138e+01
1.572805199999999815e+01,4.113479600000000147e+01
1.383443299999999887e+01,4.171089200000000119e+01
1.200758999999999865e+01,4.240790599999999699e+01
1.028868300000000069e+01,4.313267100000000198e+01
8.712189000000000405e+00,4.385949300000000051e+01
7.271230999999999334e+00,4.451335100000000011e+01
5.937648999999999511e+00,4.499510599999999982e+01
4.519843999999999973e+00,4.529053900000000255e+01
2.925313000000000052e+00,4.551984000000000208e+01
1.275278000000000134e+00,4.570767999999999631e+01
-3.112070000000000114e-01,4.572217200000000048e+01
-1.695845999999999965e+00,4.560790300000000030e+01
-2.831109000000000098e+00,4.541406299999999874e+01
-3.869472000000000023e+00,4.514504600000000067e+01
-5.018845999999999918e+00,4.479760000000000275e+01
-6.282362000000000002e+00,4.451995800000000258e+01
-7.672530000000000072e+00,4.439123200000000224e+01
-9.085339999999998639e+00,4.445638300000000243e+01
-1.037137200000000092e+01,4.469773499999999444e+01
-1.156467899999999993e+01,4.522655900000000173e+01
-1.250859100000000090e+01,4.605569099999999594e+01
-1.303174600000000005e+01,4.674544500000000369e+01
-1.334635899999999964e+01,4.709437600000000401e+01
-1.361955799999999783e+01,4.727076300000000231e+01
-1.396098299999999881e+01,4.744789899999999960e+01
-1.443376700000000135e+01,4.763370100000000207e+01
-1.509774800000000106e+01,4.779127899999999585e+01
-1.620713999999999899e+01,4.788922099999999915e+01
-1.811270000000000024e+01,4.775416200000000089e+01
-2.083202900000000213e+01,4.722687499999999972e+01
-2.405593700000000013e+01,4.629163400000000195e+01
-2.734319099999999736e+01,4.515770700000000204e+01
-3.058783100000000132e+01,4.401087199999999910e+01
-3.376202800000000082e+01,4.283577299999999610e+01
-3.681969500000000295e+01,4.160723899999999986e+01
-3.970324699999999751e+01,4.041428799999999910e+01
-4.250782399999999939e+01,3.926339000000000112e+01
-4.521577800000000025e+01,3.810993200000000058e+01
-4.773422199999999549e+01,3.699078800000000200e+01
-5.000243400000000094e+01,3.592393100000000317e+01
-5.196229600000000204e+01,3.492716200000000271e+01
-5.365602900000000375e+01,3.389204799999999551e+01
-5.506959499999999252e+01,3.284430700000000058e+01
-5.629854999999999876e+01,3.188750300000000237e+01
-5.740333199999999181e+01,3.108727800000000130e+01
-5.825020200000000159e+01,3.047461300000000151e+01
-5.871600699999999762e+01,2.998645399999999839e+01
-5.887446600000000529e+01,2.960496300000000147e+01
-5.880348199999999537e+01,2.935842299999999838e+01
-5.853559100000000370e+01,2.922312899999999658e+01
-5.811758799999999781e+01,2.916581899999999905e+01
-5.760030400000000128e+01,2.909952199999999678e+01
-5.700259399999999488e+01,2.897567399999999793e+01
-5.637165500000000407e+01,2.878756300000000223e+01
-5.573955200000000332e+01,2.859162299999999846e+01
-5.510629999999999740e+01,2.840914300000000026e+01
-5.449672699999999992e+01,2.829280100000000076e+01
-5.397438799999999759e+01,2.829100599999999943e+01
-5.351165400000000716e+01,2.829948400000000319e+01
-5.304856500000000352e+01,2.825793099999999924e+01
-5.255953199999999725e+01,2.832113800000000126e+01
-5.202270900000000609e+01,2.839341699999999946e+01
-5.138676799999999645e+01,2.831990399999999752e+01
-5.062324900000000127e+01,2.812569799999999987e+01
-4.983450300000000510e+01,2.765877000000000052e+01
-4.916122100000000472e+01,2.679042999999999708e+01
-4.868230399999999491e+01,2.573768199999999950e+01
-4.836433399999999949e+01,2.499236099999999894e+01
-4.806021900000000358e+01,2.439609899999999953e+01
-4.765589500000000100e+01,2.380092799999999897e+01
-4.713062700000000405e+01,2.331052599999999941e+01
-4.647532700000000006e+01,2.286923599999999723e+01
-4.576949299999999710e+01,2.260221500000000106e+01
-4.511448699999999690e+01,2.244016600000000139e+01
-4.465457199999999460e+01,2.231714399999999898e+01
-4.446116599999999863e+01,2.233550499999999772e+01
-4.439661399999999958e+01,2.242660899999999913e+01
-4.436550499999999886e+01,2.246024500000000046e+01
-4.426401500000000055e+01,2.239997100000000074e+01
-4.391910900000000595e+01,2.236889500000000197e+01
-4.313192399999999793e+01,2.252327500000000171e+01
-4.169276800000000094e+01,2.313756000000000057e+01
-3.933850900000000195e+01,2.437928599999999690e+01
-3.592422899999999686e+01,2.601069800000000143e+01
-3.158575200000000294e+01,2.772934300000000007e+01
-2.652573800000000048e+01,2.936823499999999854e+01
-2.096843499999999949e+01,3.097644199999999870e+01
-1.513196799999999875e+01,3.247261400000000009e+01
-9.159444000000000585e+00,3.369019300000000072e+01
-3.271087000000000078e+00,3.454915199999999942e+01
2.415400999999999687e+00,3.497472400000000192e+01
7.991303000000000267e+00,3.488612700000000189e+01
1.347007799999999911e+01,3.427799199999999757e+01
1.871514499999999970e+01,3.364429099999999551e+01
2.355394000000000077e+01,3.323862499999999898e+01
2.792859600000000242e+01,3.263234299999999877e+01
3.189724299999999957e+01,3.193699099999999902e+01
3.541164799999999957e+01,3.137824799999999925e+01
3.848492399999999947e+01,3.096517800000000165e+01
4.114933400000000319e+01,3.058547000000000082e+01
4.345785099999999801e+01,3.006311200000000028e+01
4.559224299999999630e+01,2.934897600000000040e+01
4.770780200000000093e+01,2.844371800000000050e+01
4.991861699999999757e+01,2.727854299999999910e+01
5.217262999999999806e+01,2.603640199999999894e+01
5.438269000000000375e+01,2.476664500000000046e+01
5.654288100000000838e+01,2.337428099999999986e+01
5.865263699999999858e+01,2.216856199999999788e+01
6.077418499999999568e+01,2.114914299999999869e+01
6.309435699999999514e+01,2.020022999999999769e+01
6.583661700000000394e+01,1.922980499999999893e+01
6.914814799999999195e+01,1.798286600000000135e+01
7.284115600000001223e+01,1.669721400000000244e+01
7.639091500000000678e+01,1.568138800000000010e+01
7.964434099999999717e+01,1.447144399999999997e+01
8.254241899999999532e+01,1.337968299999999822e+01
8.500048100000000773e+01,1.257731099999999991e+01
8.711915600000000381e+01,1.196031999999999940e+01
8.902096600000000137e+01,1.147054100000000076e+01
9.081869499999999107e+01,1.112775099999999995e+01
9.257035100000000227e+01,1.092253900000000044e+01
9.431330099999999561e+01,1.080135600000000018e+01
9.603804800000000341e+01,1.071616799999999969e+01
9.771958199999998840e+01,1.065951599999999999e+01
9.929403700000000299e+01,1.065838100000000033e+01
1.007191239999999937e+02,1.069546199999999914e+01
1.020180050000000023e+02,1.071171999999999969e+01
1.031996079999999978e+02,1.063552599999999870e+01
1.042918779999999970e+02,1.048149800000000020e+01
1.052947769999999963e+02,1.030623699999999943e+01
1.062401729999999986e+02,1.015737899999999883e+01
1.071207279999999997e+02,1.018035000000000068e+01
1.080019230000000050e+02,1.035258900000000004e+01
1.089709009999999978e+02,1.056035499999999949e+01
1.099990229999999940e+02,1.083215500000000020e+01
1.110404209999999949e+02,1.111771599999999971e+01
1.119927979999999934e+02,1.134277400000000036e+01
1.128300629999999956e+02,1.146048500000000026e+01
1.135385820000000052e+02,1.147299899999999973e+01
1.141435699999999969e+02,1.144294999999999973e+01
1.146743009999999998e+02,1.144856599999999958e+01
1.151404720000000026e+02,1.143619100000000088e+01
1.156024249999999967e+02,1.138069499999999934e+01
1.160389789999999977e+02,1.129073099999999918e+01
1.163992689999999897e+02,1.118497599999999892e+01
1.166471710000000002e+02,1.107564600000000077e+01
1.167815090000000140e+02,1.094298699999999869e+01
1.168001560000000012e+02,1.082576300000000025e+01
1.166923600000000079e+02,1.068287499999999923e+01
1.164786450000000002e+02,1.051944100000000049e+01
1.161665570000000116e+02,1.036654700000000062e+01
1.157821120000000121e+02,1.019111000000000011e+01
1.153702550000000002e+02,1.000851799999999869e+01
1.149704279999999983e+02,9.823949000000000709e+00
1.146172710000000023e+02,9.651277000000000328e+00
1.143205949999999973e+02,9.515534999999999854e+00
1.140637659999999869e+02,9.448361999999999483e+00
1.138038790000000091e+02,9.453878999999998811e+00
1.134817889999999920e+02,9.512883999999999673e+00
1.131114810000000119e+02,9.628438000000000940e+00
1.127769550000000010e+02,9.678017000000000536e+00
1.125661999999999949e+02,9.520300000000000651e+00
1.125044780000000060e+02,9.238488000000000255e+00
1.125920409999999947e+02,8.925752000000001019e+00
1.128340449999999890e+02,8.578114999999998602e+00
1.131524199999999922e+02,8.216060000000000585e+00
1.134437409999999886e+02,7.872221000000000579e+00
1.136653820000000081e+02,7.598391000000000339e+00
1.137460399999999936e+02,7.438647999999999705e+00
1.136741870000000176e+02,7.367252999999999830e+00
1.134946979999999996e+02,7.382204999999999906e+00
1.132539220000000029e+02,7.475194000000000116e+00
1.130060199999999924e+02,7.582774999999999821e+00
1.128178020000000004e+02,7.689027999999999530e+00
1.127325820000000078e+02,7.769146000000000996e+00
1.127800830000000047e+02,7.752021000000000939e+00
1.129093780000000038e+02,7.728425999999999796e+00
1.130715409999999963e+02,7.663446999999999676e+00
1.132446209999999951e+02,7.557691000000000159e+00
1.133944850000000031e+02,7.444119999999999848e+00
1.134989399999999904e+02,7.310135000000000716e+00
1.135632480000000015e+02,7.143660999999999817e+00
1.135823899999999895e+02,6.987855999999999845e+00
1.135490340000000060e+02,6.850552999999999670e+00
1.134971159999999912e+02,6.716371000000000535e+00
1.134335629999999924e+02,6.603238000000000163e+00
1.133783719999999988e+02,6.528317999999999621e+00
1.133614810000000119e+02,6.465069000000000621e+00
1.133717270000000070e+02,6.442562000000000566e+00
1.133987350000000163e+02,6.440266999999999520e+00
1.134498980000000046e+02,6.411609999999999587e+00
1.135173489999999958e+02,6.367971999999999966e+00
1.135870669999999905e+02,6.320402999999999771e+00
1.136539760000000001e+02,6.251806000000000196e+00
1.137224499999999949e+02,6.161087999999999454e+00
1.137861179999999877e+02,6.072545999999999999e+00
1.138330840000000137e+02,6.002448999999999479e+00
1.138712009999999992e+02,5.925626000000000282e+00
1.138954389999999961e+02,5.862449999999999939e+00
1.139022370000000137e+02,5.803833000000000020e+00
1.138960949999999883e+02,5.755774999999999864e+00
1.138864820000000009e+02,5.703718000000000288e+00
1.138843840000000114e+02,5.646948000000000079e+00
1.138904110000000145e+02,5.589514000000000316e+00
