2.122479000000000227e+00,6.159590000000000343e-01
1.979793000000000136e+00,4.752180000000000293e-01
1.800686000000000009e+00,3.870649999999999924e-01
1.579943000000000097e+00,3.382530000000000259e-01
1.309474000000000027e+00,3.205739999999999701e-01
1.151761000000000035e+00,2.983099999999999641e-01
8.034789999999999432e-01,2.544060000000000210e-01
4.403350000000000319e-01,2.144749999999999990e-01
9.407500000000000584e-02,1.354549999999999921e-01
-2.219369999999999954e-01,5.979199999999999793e-02
-4.787839999999999874e-01,2.201600000000000085e-02
-6.632930000000000215e-01,-2.239799999999999777e-02
-7.984010000000000273e-01,-8.544400000000000606e-02
-8.937209999999998766e-01,-1.545310000000000017e-01
-9.516080000000000094e-01,-2.099010000000000320e-01
-9.911399999999999100e-01,-2.566760000000000153e-01
-1.040829999999999922e+00,-2.982949999999999768e-01
-1.113326999999999956e+00,-3.321119999999999628e-01
-1.202352000000000087e+00,-3.564179999999999571e-01
-1.358241999999999949e+00,-3.608389999999999653e-01
-1.605750999999999928e+00,-3.652230000000000198e-01
-1.908506999999999953e+00,-3.777260000000000062e-01
-2.260174000000000127e+00,-4.259000000000000008e-01
-2.652095000000000091e+00,-5.092879999999999630e-01
-3.081386000000000180e+00,-6.447979999999999823e-01
-3.591237999999999708e+00,-8.754159999999999719e-01
-4.255412999999999890e+00,-1.225219000000000058e+00
-5.088537000000000532e+00,-1.670671000000000017e+00
-6.043654000000000082e+00,-2.162072000000000216e+00
-7.085624000000000144e+00,-2.544249000000000205e+00
-8.121136999999999162e+00,-2.783215999999999912e+00
-9.124946000000001334e+00,-2.997109999999999719e+00
-1.006636499999999934e+01,-3.156702000000000119e+00
-1.089747999999999983e+01,-3.257385999999999893e+00
-1.163008800000000065e+01,-3.398719000000000268e+00
-1.234081600000000023e+01,-3.626593000000000178e+00
-1.304686799999999991e+01,-4.007535999999999987e+00
-1.375655300000000025e+01,-4.562663999999999831e+00
-1.445889899999999884e+01,-5.210433000000000092e+00
-1.511940000000000062e+01,-5.825188999999999950e+00
-1.574121499999999862e+01,-6.377047000000000132e+00
-1.630106900000000181e+01,-6.837863999999999720e+00
-1.680602599999999924e+01,-7.342050000000000409e+00
-1.730498500000000206e+01,-7.921197000000000266e+00
-1.784511000000000180e+01,-8.555089999999999861e+00
-1.845238900000000015e+01,-9.218541999999999348e+00
-1.915933800000000176e+01,-9.762465999999999866e+00
-1.998062900000000042e+01,-1.023378399999999999e+01
-2.093447499999999906e+01,-1.070231199999999916e+01
-2.206203100000000106e+01,-1.110550300000000057e+01
-2.334907000000000110e+01,-1.148413099999999964e+01
-2.475048100000000062e+01,-1.187786700000000017e+01
-2.622081400000000073e+01,-1.229959700000000034e+01
-2.768936899999999923e+01,-1.274105800000000066e+01
-2.910398900000000211e+01,-1.316299399999999942e+01
-3.039995200000000253e+01,-1.360790199999999928e+01
-3.153626400000000274e+01,-1.408633200000000052e+01
-3.252016100000000165e+01,-1.458380700000000019e+01
-3.335086799999999840e+01,-1.508727699999999849e+01
-3.401774600000000248e+01,-1.578687999999999825e+01
-3.453229100000000074e+01,-1.659423299999999912e+01
-3.497134400000000198e+01,-1.718740299999999976e+01
-3.541497800000000495e+01,-1.757551400000000186e+01
-3.593417000000000172e+01,-1.771536400000000100e+01
-3.651491200000000248e+01,-1.772653000000000034e+01
-3.713109599999999944e+01,-1.772098400000000140e+01
-3.779624899999999599e+01,-1.768951600000000113e+01
-3.851219600000000298e+01,-1.764580000000000126e+01
-3.926980999999999966e+01,-1.754192499999999910e+01
-4.001740300000000161e+01,-1.745722800000000063e+01
-4.076253900000000385e+01,-1.747479799999999983e+01
-4.146102899999999636e+01,-1.756326099999999713e+01
-4.207802999999999827e+01,-1.763759999999999906e+01
-4.259421199999999885e+01,-1.773454100000000011e+01
-4.298070900000000449e+01,-1.786890000000000001e+01
-4.327913300000000163e+01,-1.799044400000000010e+01
-4.354886199999999974e+01,-1.806743799999999922e+01
-4.385184500000000440e+01,-1.813691899999999890e+01
-4.422083299999999895e+01,-1.816202399999999884e+01
-4.471950900000000217e+01,-1.814059100000000058e+01
-4.536001199999999756e+01,-1.810927200000000070e+01
-4.610003999999999991e+01,-1.806664699999999968e+01
-4.692632700000000057e+01,-1.801554300000000097e+01
-4.790523499999999757e+01,-1.797374299999999891e+01
-4.918207199999999801e+01,-1.791037900000000249e+01
-5.072635999999999967e+01,-1.786073299999999975e+01
-5.241147999999999740e+01,-1.782187499999999858e+01
-5.408060500000000559e+01,-1.786364000000000019e+01
-5.561089300000000435e+01,-1.798971400000000287e+01
-5.688715699999999487e+01,-1.817597200000000157e+01
-5.779682900000000245e+01,-1.847138200000000197e+01
-5.826256600000000674e+01,-1.889746099999999984e+01
-5.833676899999999677e+01,-1.942513699999999943e+01
-5.816904799999999653e+01,-2.003775399999999962e+01
-5.787937199999999649e+01,-2.070554200000000122e+01
-5.759368500000000068e+01,-2.132259900000000030e+01
-5.729280899999999832e+01,-2.194917900000000088e+01
-5.715158100000000729e+01,-2.242585599999999957e+01
-5.718006100000000202e+01,-2.272816700000000267e+01
-5.710999300000000289e+01,-2.300669100000000000e+01
-5.701899699999999882e+01,-2.319630100000000184e+01
-5.695406299999999788e+01,-2.338179999999999836e+01
-5.674320999999999771e+01,-2.368471100000000007e+01
-5.648299399999999792e+01,-2.408158900000000102e+01
-5.618195699999999704e+01,-2.460739699999999885e+01
-5.577045400000000086e+01,-2.515212999999999965e+01
-5.540094799999999964e+01,-2.552362399999999809e+01
-5.504695899999999398e+01,-2.579433999999999827e+01
-5.470964399999999728e+01,-2.595963700000000074e+01
-5.443821299999999752e+01,-2.601837499999999892e+01
-5.411049699999999518e+01,-2.605018800000000212e+01
-5.379560500000000189e+01,-2.605164299999999855e+01
-5.352418499999999568e+01,-2.604275900000000021e+01
-5.326642600000000272e+01,-2.602253299999999925e+01
-5.306417099999999465e+01,-2.596197499999999891e+01
-5.287900500000000648e+01,-2.590337900000000104e+01
-5.271377600000000285e+01,-2.584743699999999933e+01
-5.257207099999999400e+01,-2.578425199999999862e+01
-5.240622299999999711e+01,-2.569171099999999797e+01
-5.222493400000000463e+01,-2.558182299999999998e+01
-5.201349600000000351e+01,-2.543654300000000035e+01
-5.175610700000000008e+01,-2.524959600000000037e+01
-5.145446400000000153e+01,-2.505063399999999874e+01
-5.109464299999999781e+01,-2.483567999999999998e+01
-5.068709199999999981e+01,-2.465674399999999977e+01
-5.025070999999999799e+01,-2.452450599999999881e+01
-4.983189799999999536e+01,-2.437745699999999971e+01
-4.945970200000000006e+01,-2.421770700000000076e+01
-4.911269399999999763e+01,-2.400546800000000047e+01
-4.880568699999999893e+01,-2.376537099999999825e+01
-4.854786299999999954e+01,-2.348931499999999772e+01
-4.832430300000000045e+01,-2.316656300000000002e+01
-4.812480200000000252e+01,-2.279746199999999945e+01
-4.793667599999999851e+01,-2.239889499999999956e+01
-4.776817299999999733e+01,-2.200062199999999990e+01
-4.761952999999999747e+01,-2.162511299999999892e+01
-4.749426700000000068e+01,-2.127786799999999801e+01
-4.738668100000000294e+01,-2.095183800000000218e+01
-4.728585400000000050e+01,-2.064349200000000195e+01
-4.720586399999999827e+01,-2.037320899999999924e+01
-4.714592700000000036e+01,-2.010670700000000011e+01
-4.709209099999999637e+01,-1.982364700000000113e+01
-4.701773800000000136e+01,-1.955960699999999974e+01
-4.692502999999999957e+01,-1.931186299999999889e+01
-4.684321599999999819e+01,-1.907073800000000219e+01
-4.678324099999999675e+01,-1.883550599999999875e+01
-4.674137899999999490e+01,-1.859162900000000107e+01
-4.669836000000000098e+01,-1.834995699999999985e+01
-4.665218000000000131e+01,-1.810577800000000082e+01
-4.660934100000000058e+01,-1.784177999999999997e+01
-4.657263599999999570e+01,-1.759604099999999960e+01
-4.653208499999999503e+01,-1.735163100000000114e+01
-4.648221999999999809e+01,-1.709382399999999791e+01
-4.641043100000000265e+01,-1.680706599999999895e+01
-4.631912600000000424e+01,-1.648189400000000049e+01
-4.622869099999999776e+01,-1.614430600000000027e+01
-4.615337000000000245e+01,-1.576007200000000097e+01
-4.608692199999999417e+01,-1.535614800000000102e+01
-4.602529899999999685e+01,-1.496193900000000099e+01
-4.596715900000000232e+01,-1.455690000000000062e+01
-4.590310300000000154e+01,-1.416065299999999993e+01
-4.582816700000000054e+01,-1.376824200000000076e+01
-4.574224900000000105e+01,-1.338015299999999996e+01
-4.565209999999999724e+01,-1.295078600000000080e+01
-4.556372800000000467e+01,-1.247819199999999995e+01
-4.546657600000000343e+01,-1.197607499999999980e+01
-4.536095000000000255e+01,-1.135631000000000057e+01
-4.523365400000000136e+01,-1.052031199999999878e+01
-4.507542000000000115e+01,-9.369315000000000282e+00
-4.489608400000000188e+01,-8.085347999999999757e+00
-4.469262299999999755e+01,-6.899914999999999132e+00
-4.446857800000000083e+01,-5.730461000000000027e+00
-4.424913800000000208e+01,-4.735459999999999781e+00
-4.405198299999999989e+01,-3.865686000000000178e+00
-4.386808800000000019e+01,-3.083222999999999825e+00
-4.370157600000000286e+01,-2.402599000000000373e+00
-4.357262000000000057e+01,-1.783429000000000153e+00
-4.347149300000000238e+01,-1.205486999999999975e+00
-4.337722000000000122e+01,-6.624989999999999490e-01
-4.328496599999999717e+01,-8.517999999999999183e-02
-4.320812999999999704e+01,5.136629999999999807e-01
-4.314512299999999811e+01,1.183926999999999952e+00
-4.310114699999999743e+01,1.888191999999999870e+00
-4.307890700000000095e+01,2.626110999999999862e+00
-4.306715799999999916e+01,3.322305000000000508e+00
-4.306310700000000224e+01,3.973933999999999855e+00
-4.305579399999999879e+01,4.575880000000000614e+00
-4.304015700000000066e+01,5.119345000000000034e+00
-4.301088299999999975e+01,5.573198999999999792e+00
-4.295607000000000397e+01,5.935495999999999661e+00
-4.286632199999999671e+01,6.288318000000000296e+00
-4.275716800000000006e+01,6.578916000000000430e+00
-4.262587700000000268e+01,6.837925000000000253e+00
-4.246480199999999883e+01,7.120246000000000741e+00
-4.228553400000000551e+01,7.415142999999999596e+00
-4.208460200000000384e+01,7.698825999999999503e+00
-4.185896300000000281e+01,7.941358000000000139e+00
-4.163477699999999970e+01,8.128092000000000539e+00
-4.139252899999999613e+01,8.275986999999998872e+00
-4.115569299999999942e+01,8.382214999999998639e+00
-4.093099600000000038e+01,8.456075000000000230e+00
-4.069023899999999827e+01,8.539075000000000415e+00
-4.040900399999999593e+01,8.642794000000000310e+00
-4.009322699999999884e+01,8.760178999999999050e+00
-3.972092100000000414e+01,8.936068999999999818e+00
-3.931355999999999540e+01,9.142799000000000120e+00
-3.890203900000000203e+01,9.342105999999999355e+00
-3.850570700000000102e+01,9.530322999999999212e+00
-3.814857100000000401e+01,9.672907999999999618e+00
-3.784576799999999963e+01,9.766049000000000646e+00
-3.758562100000000328e+01,9.826182000000001082e+00
-3.737075000000000102e+01,9.847539999999998628e+00
-3.719529299999999949e+01,9.840035999999999561e+00
-3.705069699999999955e+01,9.811296999999999713e+00
-3.693662299999999732e+01,9.720024000000000441e+00
-3.683432400000000229e+01,9.568089999999999762e+00
-3.671514499999999970e+01,9.436685999999999908e+00
-3.658880599999999816e+01,9.318941000000000585e+00
-3.646881499999999932e+01,9.221762000000000015e+00
-3.633940499999999929e+01,9.105874999999999275e+00
-3.620510099999999909e+01,8.947197000000000955e+00
-3.605809399999999698e+01,8.746133000000000379e+00
-3.589991400000000255e+01,8.532830999999999833e+00
-3.574006699999999626e+01,8.286807000000001366e+00
-3.555937600000000032e+01,8.013175999999999632e+00
-3.533911499999999961e+01,7.679453999999999780e+00
-3.506812999999999647e+01,7.264454999999999885e+00
-3.478456500000000062e+01,6.876844000000000179e+00
-3.451244400000000212e+01,6.463104000000000404e+00
-3.422334299999999985e+01,6.046681999999999668e+00
-3.390486099999999681e+01,5.654734999999999623e+00
-3.356574200000000019e+01,5.193918000000000035e+00
-3.320581400000000372e+01,4.758608000000000615e+00
-3.282227299999999559e+01,4.395766000000000062e+00
-3.244367600000000351e+01,3.983283999999999825e+00
-3.210048700000000110e+01,3.473113999999999812e+00
-3.177021200000000078e+01,2.866122999999999976e+00
-3.143455300000000108e+01,2.270064000000000082e+00
-3.108771500000000287e+01,1.800373000000000001e+00
-3.069696599999999620e+01,1.394162999999999819e+00
-3.024289899999999776e+01,9.492490000000000094e-01
-2.975228900000000110e+01,5.106370000000000076e-01
-2.926329600000000042e+01,4.243700000000000250e-02
-2.877918200000000226e+01,-4.151970000000000383e-01
-2.830936200000000014e+01,-7.069659999999999833e-01
-2.785498600000000025e+01,-9.555660000000000265e-01
-2.737788199999999961e+01,-1.252281999999999895e+00
-2.684438900000000316e+01,-1.611943000000000126e+00
-2.624251399999999990e+01,-2.062231000000000147e+00
-2.560181799999999797e+01,-2.548254999999999715e+00
-2.496451000000000064e+01,-3.014804000000000261e+00
-2.431555200000000028e+01,-3.484522000000000119e+00
-2.365969800000000234e+01,-3.910540000000000127e+00
-2.303326799999999963e+01,-4.330337999999999354e+00
-2.243010899999999808e+01,-4.727914000000000172e+00
-2.184011299999999878e+01,-5.061302999999999663e+00
-2.124162300000000059e+01,-5.439197000000000060e+00
-2.062164699999999939e+01,-5.806239999999999846e+00
-1.997499099999999927e+01,-6.145074000000000147e+00
-1.925916300000000092e+01,-6.520255000000000578e+00
-1.848387900000000172e+01,-6.848805999999999727e+00
-1.756872900000000115e+01,-7.150830000000000020e+00
-1.644179300000000055e+01,-7.400116999999999834e+00
-1.516400299999999923e+01,-7.608536999999999217e+00
-1.381141799999999975e+01,-7.818127000000000493e+00
-1.245759100000000075e+01,-8.021288999999999447e+00
-1.116228100000000012e+01,-8.293312000000000239e+00
-9.960114000000000800e+00,-8.712666000000000466e+00
-8.890007999999999910e+00,-9.285914999999999253e+00
-7.954278999999999655e+00,-9.971273000000000053e+00
-7.099002000000000479e+00,-1.077804599999999979e+01
-6.362524999999999764e+00,-1.139337700000000098e+01
-5.738564000000000220e+00,-1.162384400000000007e+01
-5.110564000000000107e+00,-1.167707200000000078e+01
-4.477701000000000597e+00,-1.166234700000000046e+01
-3.915812000000000292e+00,-1.158388699999999893e+01
-3.394967999999999986e+00,-1.155162599999999884e+01
-2.901416999999999913e+00,-1.152123899999999956e+01
-2.447454000000000018e+00,-1.151459900000000047e+01
-2.025171999999999972e+00,-1.156227200000000011e+01
-1.621599000000000013e+00,-1.167111799999999988e+01
-1.220466999999999969e+00,-1.187166500000000013e+01
-7.086720000000000796e-01,-1.206743200000000016e+01
-7.440299999999999692e-02,-1.209825200000000045e+01
6.087409999999999766e-01,-1.202896499999999946e+01
1.292501000000000122e+00,-1.197106100000000062e+01
1.933141999999999916e+00,-1.190578000000000003e+01
2.500827999999999829e+00,-1.180998300000000079e+01
2.987666999999999629e+00,-1.176027700000000031e+01
3.406130000000000102e+00,-1.176523699999999906e+01
3.799957000000000029e+00,-1.180422199999999933e+01
4.176312000000000246e+00,-1.193335100000000004e+01
4.517338999999999771e+00,-1.224406999999999890e+01
4.836314999999999920e+00,-1.277163999999999966e+01
5.179926000000000030e+00,-1.326591499999999968e+01
5.507944000000000173e+00,-1.352012699999999867e+01
5.783996000000000137e+00,-1.367772000000000077e+01
6.032830000000000581e+00,-1.378889999999999993e+01
6.249103999999999992e+00,-1.383520799999999795e+01
6.432055999999999329e+00,-1.384923299999999813e+01
6.585501999999999967e+00,-1.386440799999999918e+01
6.714583999999999442e+00,-1.384493500000000132e+01
6.810516000000000680e+00,-1.383636300000000041e+01
6.872008000000000116e+00,-1.386661700000000152e+01
6.949802000000000035e+00,-1.392050100000000157e+01
7.057960999999999707e+00,-1.398162000000000127e+01
7.188402000000000847e+00,-1.404125900000000016e+01
7.355709000000000053e+00,-1.409466099999999855e+01
7.567039999999999544e+00,-1.411432900000000146e+01
7.815402999999999878e+00,-1.410420799999999808e+01
8.098060000000000258e+00,-1.409549500000000144e+01
8.419335999999999487e+00,-1.406886499999999884e+01
8.738855000000000928e+00,-1.402638400000000019e+01
9.035363999999999507e+00,-1.398581800000000008e+01
9.327128999999999337e+00,-1.393492399999999876e+01
9.587655999999999068e+00,-1.391600999999999999e+01
9.825663000000000480e+00,-1.390489899999999857e+01
1.006904199999999960e+01,-1.384857999999999834e+01
1.029223999999999961e+01,-1.378752000000000066e+01
1.054296100000000003e+01,-1.371860000000000035e+01
1.074516299999999980e+01,-1.357242600000000010e+01
1.086838000000000015e+01,-1.336298299999999806e+01
1.093503300000000067e+01,-1.318107900000000043e+01
1.096327100000000065e+01,-1.307213300000000089e+01
1.096642899999999976e+01,-1.303686899999999937e+01
1.098243500000000061e+01,-1.304054900000000039e+01
1.102043800000000040e+01,-1.306315399999999904e+01
1.108311699999999966e+01,-1.306826000000000043e+01
1.118828800000000001e+01,-1.305700899999999898e+01
1.133486300000000035e+01,-1.303743599999999958e+01
1.150585399999999936e+01,-1.300652200000000036e+01
1.171252499999999941e+01,-1.297499600000000086e+01
1.195304699999999976e+01,-1.292158000000000051e+01
1.222465700000000055e+01,-1.282088099999999997e+01
1.252735200000000049e+01,-1.266577100000000122e+01
1.283448999999999884e+01,-1.242359399999999958e+01
1.320239200000000146e+01,-1.211128800000000005e+01
1.359428800000000059e+01,-1.179290899999999986e+01
1.401762000000000086e+01,-1.156699700000000064e+01
1.442129399999999961e+01,-1.137696599999999947e+01
1.482171700000000136e+01,-1.121772899999999851e+01
1.518635100000000016e+01,-1.108068399999999976e+01
1.549620299999999951e+01,-1.096483999999999881e+01
1.576910499999999971e+01,-1.085944100000000034e+01
1.601564400000000177e+01,-1.074925399999999875e+01
1.627065799999999740e+01,-1.064937100000000036e+01
1.655099899999999735e+01,-1.052646999999999977e+01
1.685120799999999974e+01,-1.038384499999999910e+01
1.716385700000000014e+01,-1.023243599999999986e+01
1.747443599999999719e+01,-1.004411400000000043e+01
1.779514899999999855e+01,-9.787001000000000062e+00
1.814537600000000239e+01,-9.436403000000000318e+00
1.851536199999999965e+01,-9.054916999999999661e+00
1.890291200000000060e+01,-8.646264999999999645e+00
1.932354199999999977e+01,-8.173754999999999882e+00
1.977807600000000221e+01,-7.629367999999999483e+00
2.025731999999999999e+01,-7.066416999999999504e+00
2.073753699999999967e+01,-6.487733999999999668e+00
2.121203599999999767e+01,-5.900199999999999889e+00
2.167152799999999857e+01,-5.291298999999999531e+00
2.210962699999999970e+01,-4.685373000000000232e+00
2.252122100000000060e+01,-4.048265999999999920e+00
2.291684500000000213e+01,-3.431729000000000251e+00
2.329977000000000231e+01,-2.832668999999999659e+00
2.368349599999999811e+01,-2.242691999999999908e+00
2.406901400000000280e+01,-1.695334999999999814e+00
2.443714899999999801e+01,-1.178056999999999910e+00
2.476595299999999966e+01,-6.749560000000000004e-01
2.508627900000000110e+01,-1.405109999999999970e-01
2.542609399999999908e+01,4.367369999999999863e-01
2.576403999999999783e+01,9.780440000000000245e-01
2.611145799999999895e+01,1.508014999999999883e+00
2.646186400000000205e+01,2.001147000000000009e+00
2.677425200000000061e+01,2.491735999999999951e+00
2.703489899999999935e+01,2.976027000000000200e+00
2.724962800000000129e+01,3.431653999999999982e+00
2.740520100000000170e+01,3.897422000000000164e+00
2.749633800000000150e+01,4.374051000000000577e+00
2.752427299999999732e+01,4.875666999999999973e+00
2.749167800000000383e+01,5.353438999999999837e+00
2.741542199999999596e+01,5.829829000000000150e+00
2.729322100000000262e+01,6.309371999999999758e+00
2.715828699999999785e+01,6.816807000000000727e+00
2.701766599999999841e+01,7.334185999999999872e+00
2.687869500000000045e+01,7.825103999999999616e+00
2.672169899999999743e+01,8.294902000000000442e+00
2.654815699999999978e+01,8.748568999999999818e+00
2.634426699999999855e+01,9.201252999999999460e+00
2.611194000000000059e+01,9.640571000000001334e+00
2.585965200000000053e+01,1.003073200000000043e+01
2.562338399999999794e+01,1.033678399999999975e+01
2.540130199999999761e+01,1.062307599999999930e+01
2.519265899999999903e+01,1.091083300000000023e+01
2.503051199999999810e+01,1.122260299999999944e+01
2.489955900000000000e+01,1.164094400000000107e+01
2.478632700000000000e+01,1.208977299999999921e+01
2.468150299999999930e+01,1.257222299999999926e+01
2.456452799999999925e+01,1.316436600000000112e+01
2.442061800000000105e+01,1.383560799999999880e+01
2.423582099999999784e+01,1.451422499999999971e+01
2.399182499999999862e+01,1.527802799999999905e+01
2.368868599999999702e+01,1.612701600000000113e+01
2.333684699999999879e+01,1.695943299999999709e+01
2.294405400000000128e+01,1.773057599999999923e+01
2.252900499999999795e+01,1.845247799999999927e+01
2.214055400000000162e+01,1.909826900000000194e+01
2.178336900000000043e+01,1.966845700000000008e+01
2.146071600000000146e+01,2.019336300000000151e+01
2.117097899999999910e+01,2.067539599999999922e+01
2.090765400000000085e+01,2.107597499999999968e+01
2.071361900000000134e+01,2.141829899999999753e+01
2.057142600000000243e+01,2.177218999999999838e+01
2.045339200000000091e+01,2.213933600000000013e+01
2.035304800000000114e+01,2.247278999999999982e+01
2.025502600000000086e+01,2.281521199999999894e+01
2.014218100000000078e+01,2.319585599999999914e+01
2.000712399999999747e+01,2.358349800000000229e+01
1.983805100000000010e+01,2.398211900000000085e+01
1.964735199999999793e+01,2.437622099999999747e+01
1.945085299999999862e+01,2.473940100000000086e+01
1.924257700000000071e+01,2.508279800000000037e+01
1.905119699999999838e+01,2.537573400000000134e+01
1.884961500000000001e+01,2.567101100000000002e+01
1.865182499999999877e+01,2.597678399999999854e+01
1.848659100000000066e+01,2.630003400000000369e+01
1.831958799999999954e+01,2.666062199999999649e+01
1.816062900000000013e+01,2.709507899999999836e+01
1.799598100000000045e+01,2.763052700000000073e+01
1.780933999999999884e+01,2.821893900000000244e+01
1.760108800000000073e+01,2.879289400000000043e+01
1.738774500000000245e+01,2.938981199999999916e+01
1.716144800000000004e+01,3.003468300000000113e+01
1.694158900000000045e+01,3.063794899999999899e+01
1.673333399999999926e+01,3.116429899999999975e+01
1.654326199999999858e+01,3.160855499999999907e+01
1.637178399999999812e+01,3.202488699999999966e+01
1.621226899999999915e+01,3.245873300000000228e+01
1.606254399999999904e+01,3.288611199999999712e+01
1.591785299999999914e+01,3.329253800000000041e+01
1.575649899999999981e+01,3.369998599999999556e+01
1.556383599999999845e+01,3.408588799999999708e+01
1.533910599999999924e+01,3.442569699999999955e+01
1.507068800000000053e+01,3.471193300000000193e+01
1.478265299999999982e+01,3.499982500000000130e+01
1.453212999999999866e+01,3.532250200000000007e+01
1.431923900000000138e+01,3.568789699999999954e+01
1.411377900000000096e+01,3.603173400000000015e+01
1.389547900000000169e+01,3.636570700000000045e+01
1.367201099999999947e+01,3.669283300000000025e+01
1.348469400000000107e+01,3.704062700000000063e+01
1.329883099999999985e+01,3.747339600000000104e+01
1.313072900000000054e+01,3.793328100000000092e+01
1.294141100000000044e+01,3.840852000000000288e+01
1.271301399999999937e+01,3.883814199999999772e+01
1.252156300000000044e+01,3.922737899999999911e+01
1.235723300000000080e+01,3.960374500000000353e+01
1.220948300000000053e+01,3.999347300000000160e+01
1.206185200000000002e+01,4.044390900000000499e+01
1.190810800000000036e+01,4.092678499999999531e+01
1.172707699999999953e+01,4.143026700000000062e+01
1.155538400000000010e+01,4.190753899999999987e+01
1.137873100000000015e+01,4.238150800000000373e+01
1.118830399999999869e+01,4.286069099999999565e+01
1.102420899999999904e+01,4.335871500000000367e+01
1.087806400000000018e+01,4.384544400000000053e+01
1.075609099999999962e+01,4.425565699999999936e+01
1.065013999999999861e+01,4.459792699999999854e+01
1.050903300000000051e+01,4.485116599999999920e+01
1.034954299999999883e+01,4.499595599999999962e+01
1.021011900000000061e+01,4.509181999999999846e+01
1.015062100000000100e+01,4.512341699999999634e+01
1.013618800000000064e+01,4.514153699999999958e+01
1.014741399999999949e+01,4.513152300000000139e+01
1.023388100000000023e+01,4.508192400000000077e+01
1.038832700000000031e+01,4.504383099999999729e+01
1.058663199999999982e+01,4.500555399999999651e+01
1.084142399999999995e+01,4.498592000000000013e+01
1.108548200000000072e+01,4.497499799999999937e+01
1.128942699999999988e+01,4.490596800000000144e+01
1.143996600000000008e+01,4.481010799999999961e+01
1.154767999999999972e+01,4.473968499999999437e+01
1.165427000000000035e+01,4.467060900000000601e+01
1.180491400000000013e+01,4.462083799999999911e+01
1.202322500000000005e+01,4.458941300000000041e+01
1.231332899999999952e+01,4.452056500000000483e+01
1.265722000000000058e+01,4.440956099999999651e+01
1.303107100000000074e+01,4.422813400000000428e+01
1.344009400000000021e+01,4.398757600000000423e+01
1.389084099999999999e+01,4.370254099999999653e+01
1.433523500000000084e+01,4.339956300000000056e+01
1.469907699999999906e+01,4.311227399999999932e+01
1.499355199999999932e+01,4.281253800000000354e+01
1.521230700000000091e+01,4.251805099999999982e+01
1.536335799999999807e+01,4.224748199999999798e+01
1.548131400000000113e+01,4.201760499999999610e+01
1.558523399999999981e+01,4.180626699999999829e+01
1.566249100000000105e+01,4.165448400000000362e+01
1.569205100000000108e+01,4.150952099999999945e+01
1.569208299999999845e+01,4.133155800000000113e+01
1.566973500000000108e+01,4.114353599999999744e+01
1.564944800000000136e+01,4.090945100000000423e+01
1.564549700000000065e+01,4.066729000000000127e+01
1.565820199999999929e+01,4.043672899999999970e+01
1.569837600000000144e+01,4.016780900000000543e+01
1.573956300000000041e+01,3.987016299999999802e+01
1.576707999999999821e+01,3.960498400000000174e+01
1.580102199999999968e+01,3.935956600000000094e+01
1.583821200000000040e+01,3.910574299999999681e+01
1.587375499999999917e+01,3.889723599999999948e+01
1.587848900000000185e+01,3.875283799999999701e+01
1.586414700000000089e+01,3.859204099999999471e+01
1.584785100000000035e+01,3.843980799999999931e+01
1.582269100000000073e+01,3.829541400000000095e+01
1.580885700000000149e+01,3.809781999999999869e+01
1.580859099999999984e+01,3.785884099999999819e+01
1.582241600000000048e+01,3.762664799999999587e+01
1.583487500000000026e+01,3.740052399999999722e+01
1.585264100000000020e+01,3.717008200000000073e+01
1.586602800000000002e+01,3.698095299999999952e+01
1.587408500000000089e+01,3.680734999999999957e+01
1.586908099999999955e+01,3.664188400000000456e+01
1.584457300000000046e+01,3.649647900000000078e+01
1.578519700000000014e+01,3.637514500000000339e+01
1.571667300000000189e+01,3.626174900000000179e+01
1.565316400000000208e+01,3.613279299999999949e+01
1.561105799999999810e+01,3.600130099999999800e+01
1.560210100000000111e+01,3.587409999999999854e+01
1.559534299999999973e+01,3.574766199999999827e+01
1.558128500000000116e+01,3.558967200000000020e+01
1.557560400000000023e+01,3.538277800000000184e+01
1.555464899999999950e+01,3.519673199999999724e+01
1.555925799999999803e+01,3.497795900000000557e+01
1.560733200000000132e+01,3.473557699999999926e+01
1.570069699999999990e+01,3.451316099999999665e+01
1.586336700000000199e+01,3.425612600000000185e+01
1.612912800000000146e+01,3.394838699999999676e+01
1.647984299999999891e+01,3.366359699999999577e+01
1.687927099999999925e+01,3.338648599999999789e+01
1.733680499999999824e+01,3.305866199999999822e+01
1.785250100000000018e+01,3.273400900000000036e+01
1.841366000000000014e+01,3.237917300000000154e+01
1.899517999999999773e+01,3.197422999999999860e+01
1.960315299999999894e+01,3.149709699999999657e+01
2.019197999999999737e+01,3.103086699999999709e+01
2.077459100000000092e+01,3.054126199999999969e+01
2.135503999999999891e+01,3.001180999999999699e+01
2.194529899999999856e+01,2.946139499999999956e+01
2.257338299999999975e+01,2.883774199999999865e+01
2.322347600000000156e+01,2.812754400000000032e+01
2.390540299999999974e+01,2.735233499999999651e+01
2.464286600000000149e+01,2.650687000000000282e+01
2.540200400000000158e+01,2.561000100000000046e+01
2.618525700000000001e+01,2.474765400000000071e+01
2.698145700000000247e+01,2.395791200000000032e+01
2.779396599999999751e+01,2.330161999999999978e+01
2.863321900000000042e+01,2.279158200000000178e+01
2.948612800000000433e+01,2.234709900000000005e+01
3.028037600000000040e+01,2.191485400000000183e+01
3.098625900000000399e+01,2.150111599999999967e+01
3.158155800000000113e+01,2.111600299999999919e+01
3.209176300000000026e+01,2.073371700000000217e+01
3.250554299999999586e+01,2.036572800000000072e+01
3.279835100000000381e+01,2.000370600000000110e+01
3.299009699999999867e+01,1.962440700000000149e+01
3.307963600000000071e+01,1.921334500000000034e+01
3.309040499999999696e+01,1.873683199999999971e+01
3.303765900000000499e+01,1.822723799999999983e+01
3.294453000000000031e+01,1.768738600000000005e+01
3.284056900000000212e+01,1.709980200000000039e+01
3.270148100000000113e+01,1.650571799999999811e+01
