3.196324000000000165e+00,1.539176000000000100e+00
3.262570000000000192e+00,1.568149000000000015e+00
3.285772000000000137e+00,1.599164000000000030e+00
3.297087999999999575e+00,1.613603000000000121e+00
3.287781999999999982e+00,1.609399000000000024e+00
3.257411000000000278e+00,1.573058000000000067e+00
3.210351999999999872e+00,1.502188999999999997e+00
3.131761999999999713e+00,1.446023999999999976e+00
3.010947000000000262e+00,1.436967000000000105e+00
2.830407000000000117e+00,1.437759000000000009e+00
2.615863999999999745e+00,1.433779000000000137e+00
2.388580000000000148e+00,1.466598999999999986e+00
2.168940000000000090e+00,1.549170999999999854e+00
1.979333000000000231e+00,1.699536000000000158e+00
1.817986000000000102e+00,1.904374999999999929e+00
1.675964000000000009e+00,2.188756999999999842e+00
1.536666000000000087e+00,2.540922999999999821e+00
1.377326000000000050e+00,2.971387000000000000e+00
1.154862000000000055e+00,3.485333000000000236e+00
8.506479999999999597e-01,4.018783999999999246e+00
4.723760000000000181e-01,4.545530999999999544e+00
2.568000000000000144e-02,5.016526999999999958e+00
-4.982340000000000102e-01,5.393105000000000260e+00
-1.107356000000000007e+00,5.750023000000000550e+00
-1.737057000000000073e+00,6.074898000000000131e+00
-2.357002999999999737e+00,6.407065000000000232e+00
-2.658183000000000185e+00,6.587647999999999726e+00
-3.237649999999999917e+00,6.977879999999999860e+00
-3.796497000000000011e+00,7.384522999999999726e+00
-4.315610999999999642e+00,7.774677000000000504e+00
-4.776729000000000447e+00,8.144607999999999848e+00
-5.193980000000000707e+00,8.504239000000000104e+00
-5.551695999999999742e+00,8.845899000000001067e+00
-5.834717999999999627e+00,9.165540000000000020e+00
-6.026711999999999847e+00,9.463988000000000511e+00
-6.162270999999999610e+00,9.717171000000000447e+00
-6.285676000000000485e+00,9.941971000000000558e+00
-6.450031000000000070e+00,1.018077800000000011e+01
-6.675013000000000751e+00,1.044529900000000033e+01
-6.988011999999999446e+00,1.073216199999999887e+01
-7.340430000000000454e+00,1.101901999999999937e+01
-7.707853000000000065e+00,1.126460299999999926e+01
-8.087647000000000475e+00,1.154950700000000019e+01
-8.463622000000000867e+00,1.181463300000000061e+01
-8.816791999999999518e+00,1.203387599999999935e+01
-9.120494000000000767e+00,1.225645200000000123e+01
-9.365977000000000885e+00,1.250525299999999973e+01
-9.592658000000000129e+00,1.272273700000000041e+01
-9.825061999999999074e+00,1.291185700000000125e+01
-1.004925599999999974e+01,1.304949600000000132e+01
-1.027982700000000094e+01,1.315772300000000072e+01
-1.055501699999999943e+01,1.331621400000000222e+01
-1.085224600000000095e+01,1.353913099999999936e+01
-1.112149699999999974e+01,1.380217799999999961e+01
-1.138162699999999994e+01,1.402630799999999844e+01
-1.162746000000000102e+01,1.420773099999999900e+01
-1.185981499999999933e+01,1.432362900000000039e+01
-1.205631300000000117e+01,1.441056099999999773e+01
-1.221511600000000008e+01,1.450974299999999850e+01
-1.232591299999999990e+01,1.459477900000000083e+01
-1.238359200000000016e+01,1.454114200000000068e+01
-1.240426699999999904e+01,1.429057999999999851e+01
-1.241896099999999947e+01,1.397594999999999921e+01
-1.246338800000000013e+01,1.372487699999999933e+01
-1.253203599999999973e+01,1.351079400000000064e+01
-1.257728000000000002e+01,1.325335499999999911e+01
-1.260027700000000017e+01,1.290189499999999967e+01
-1.262387299999999968e+01,1.253829299999999947e+01
-1.268212399999999995e+01,1.226553600000000088e+01
-1.279462799999999945e+01,1.207505200000000123e+01
-1.293225900000000017e+01,1.187994600000000034e+01
-1.307486999999999888e+01,1.164361599999999974e+01
-1.318738599999999828e+01,1.138915200000000105e+01
-1.327312600000000131e+01,1.113603500000000146e+01
-1.334537099999999832e+01,1.090947899999999926e+01
-1.337781299999999973e+01,1.069434900000000077e+01
-1.336316499999999863e+01,1.043573800000000062e+01
-1.331045899999999982e+01,1.010283300000000040e+01
-1.323872699999999902e+01,9.726252999999999815e+00
-1.316966700000000046e+01,9.329164000000000456e+00
-1.309569399999999995e+01,8.937405999999999295e+00
-1.303816799999999887e+01,8.595257999999999399e+00
-1.297967599999999955e+01,8.351949000000001178e+00
-1.292513200000000140e+01,8.175794999999999035e+00
-1.286286600000000035e+01,8.001642000000000365e+00
-1.280117400000000139e+01,7.832778999999999492e+00
-1.274490899999999982e+01,7.672403999999999336e+00
-1.270621500000000026e+01,7.489910000000000956e+00
-1.267973899999999965e+01,7.283528999999999698e+00
-1.266426799999999986e+01,7.079366000000000270e+00
-1.265850799999999943e+01,6.870847000000000371e+00
-1.266408200000000051e+01,6.676685000000000869e+00
-1.268501499999999993e+01,6.526796000000000042e+00
-1.272097400000000000e+01,6.410263999999999740e+00
-1.276153399999999927e+01,6.328892999999999880e+00
-1.280903999999999954e+01,6.282442999999999778e+00
-1.288681199999999905e+01,6.248015000000000541e+00
-1.300747400000000020e+01,6.179062999999999306e+00
-1.316797099999999965e+01,6.081914000000000264e+00
-1.339987799999999929e+01,5.944186000000000192e+00
-1.369706000000000046e+01,5.765667999999999793e+00
-1.402608900000000069e+01,5.588156999999999819e+00
-1.437424400000000091e+01,5.432205999999999868e+00
-1.472916099999999773e+01,5.275597000000000314e+00
-1.508170900000000003e+01,5.141003999999999685e+00
-1.545212699999999906e+01,5.041279000000000288e+00
-1.584047000000000160e+01,4.926260000000000083e+00
-1.625083700000000064e+01,4.798582999999999821e+00
-1.671553399999999812e+01,4.653229000000000504e+00
-1.720718399999999804e+01,4.514733000000000551e+00
-1.768590700000000027e+01,4.380863999999999869e+00
-1.813108400000000131e+01,4.268514999999999837e+00
-1.851295899999999861e+01,4.152071000000000289e+00
-1.882186899999999952e+01,4.036488999999999550e+00
-1.906081599999999909e+01,3.921243000000000034e+00
-1.922817799999999977e+01,3.833544999999999536e+00
-1.934022500000000022e+01,3.761673999999999740e+00
-1.939596400000000287e+01,3.700161000000000033e+00
-1.940293299999999732e+01,3.657989000000000157e+00
-1.938620799999999988e+01,3.625619999999999621e+00
-1.936257900000000021e+01,3.562961000000000045e+00
-1.932308800000000204e+01,3.486862000000000350e+00
-1.929000900000000129e+01,3.386766000000000165e+00
-1.925131799999999771e+01,3.263444999999999929e+00
-1.918641099999999966e+01,3.134975999999999985e+00
-1.910447699999999926e+01,3.037627999999999773e+00
-1.899060199999999909e+01,2.947798000000000140e+00
-1.885051899999999847e+01,2.872943000000000247e+00
-1.868862299999999976e+01,2.815459000000000156e+00
-1.850464599999999749e+01,2.762728000000000073e+00
-1.831931700000000163e+01,2.695250999999999841e+00
-1.816916799999999910e+01,2.643212000000000117e+00
-1.807585900000000123e+01,2.580007000000000161e+00
-1.805134999999999934e+01,2.519163000000000263e+00
-1.808908800000000028e+01,2.452482999999999969e+00
-1.815670199999999923e+01,2.395431000000000310e+00
-1.823570400000000191e+01,2.331228999999999996e+00
-1.831308200000000141e+01,2.242500999999999856e+00
-1.840138999999999925e+01,2.161599999999999966e+00
-1.850078399999999945e+01,2.089775999999999634e+00
-1.858311700000000144e+01,2.023547999999999902e+00
-1.865016199999999813e+01,1.980770999999999837e+00
-1.869278900000000121e+01,1.928725000000000023e+00
-1.872180700000000186e+01,1.864772000000000096e+00
-1.874862900000000110e+01,1.804491999999999763e+00
-1.875573699999999988e+01,1.770161000000000096e+00
-1.876287500000000108e+01,1.746304999999999996e+00
-1.877924499999999952e+01,1.711734999999999784e+00
-1.879445499999999925e+01,1.659602999999999939e+00
-1.881113099999999960e+01,1.600671999999999873e+00
-1.883343299999999942e+01,1.546184000000000003e+00
-1.886124200000000073e+01,1.516405000000000003e+00
-1.888592500000000030e+01,1.510077000000000114e+00
-1.890157500000000113e+01,1.499719000000000024e+00
-1.890513200000000182e+01,1.502145999999999981e+00
-1.890139999999999887e+01,1.498919000000000112e+00
-1.890131400000000284e+01,1.502222999999999864e+00
-1.890575400000000172e+01,1.514693000000000067e+00
-1.891394000000000020e+01,1.533341000000000065e+00
-1.892084900000000047e+01,1.575385999999999953e+00
-1.892952299999999966e+01,1.641933000000000087e+00
-1.892521099999999734e+01,1.744997000000000131e+00
-1.891574500000000114e+01,1.937963000000000102e+00
-1.889196600000000004e+01,2.250779999999999781e+00
-1.886415500000000023e+01,2.676844000000000001e+00
-1.884480999999999895e+01,3.295911000000000257e+00
-1.883643299999999954e+01,4.052535999999999916e+00
-1.884495199999999926e+01,5.010861000000000232e+00
-1.885636900000000082e+01,6.521978999999999971e+00
-1.885822900000000146e+01,8.260616000000000625e+00
-1.884979200000000077e+01,9.634076000000000306e+00
-1.885517300000000063e+01,1.059218100000000007e+01
-1.888537200000000027e+01,1.132763600000000004e+01
-1.898201600000000155e+01,1.187179900000000110e+01
-1.916316799999999887e+01,1.216551399999999994e+01
-1.941690799999999939e+01,1.235078700000000040e+01
-1.969828400000000101e+01,1.249217900000000014e+01
-1.994140200000000007e+01,1.259848000000000035e+01
-2.013988299999999754e+01,1.267469999999999963e+01
-2.030439600000000056e+01,1.271532899999999877e+01
-2.043426900000000046e+01,1.274177500000000052e+01
-2.054410400000000081e+01,1.278686599999999984e+01
-2.063284099999999910e+01,1.285633900000000018e+01
-2.071154800000000051e+01,1.295296499999999895e+01
-2.078912399999999749e+01,1.304805099999999918e+01
-2.086793899999999979e+01,1.312284899999999865e+01
-2.090943000000000040e+01,1.314515400000000156e+01
-2.091942000000000235e+01,1.315055799999999842e+01
-2.093348699999999951e+01,1.317523200000000116e+01
-2.096125199999999822e+01,1.320548099999999891e+01
-2.099777000000000271e+01,1.325364299999999851e+01
-2.105485200000000034e+01,1.332874800000000093e+01
-2.114817599999999942e+01,1.340962099999999957e+01
-2.123617899999999992e+01,1.346488500000000066e+01
-2.132757399999999848e+01,1.349055100000000174e+01
-2.141750899999999902e+01,1.348472800000000049e+01
-2.150098399999999899e+01,1.345173800000000064e+01
-2.158821299999999965e+01,1.342928299999999808e+01
-2.165941799999999873e+01,1.340855400000000053e+01
-2.171909099999999881e+01,1.338911199999999901e+01
-2.174828099999999864e+01,1.338198500000000024e+01
-2.175550499999999943e+01,1.339550199999999869e+01
-2.173781199999999814e+01,1.340859500000000182e+01
-2.170925700000000091e+01,1.341928399999999932e+01
-2.169236899999999935e+01,1.342764899999999884e+01
-2.168689200000000028e+01,1.339502699999999891e+01
-2.168293999999999855e+01,1.333151600000000059e+01
-2.167491300000000010e+01,1.327020599999999995e+01
-2.165106400000000164e+01,1.317964700000000100e+01
-2.160981599999999858e+01,1.307423399999999880e+01
-2.155624800000000008e+01,1.298282999999999987e+01
-2.149582900000000052e+01,1.290379500000000057e+01
-2.144065300000000107e+01,1.285024199999999972e+01
-2.139871199999999973e+01,1.281173099999999998e+01
-2.138110899999999859e+01,1.279081000000000046e+01
-2.138635100000000122e+01,1.274740099999999998e+01
-2.137891799999999876e+01,1.269004100000000079e+01
-2.137417200000000150e+01,1.262299100000000074e+01
-2.135079599999999900e+01,1.255926299999999962e+01
-2.130518500000000159e+01,1.248321400000000025e+01
-2.125327499999999858e+01,1.240981400000000079e+01
-2.120563699999999940e+01,1.236040299999999981e+01
-2.118676400000000015e+01,1.233783999999999992e+01
-2.117814100000000010e+01,1.231061599999999956e+01
-2.117207099999999897e+01,1.230931900000000034e+01
-2.116177399999999764e+01,1.230417199999999944e+01
-2.115613399999999800e+01,1.228609999999999935e+01
-2.115637800000000013e+01,1.226215000000000011e+01
-2.115763299999999703e+01,1.222067899999999874e+01
-2.116307600000000022e+01,1.216439299999999868e+01
-2.116584599999999838e+01,1.209996499999999919e+01
-2.116456600000000066e+01,1.203235899999999958e+01
-2.114759400000000156e+01,1.193835299999999933e+01
-2.112693799999999911e+01,1.184794799999999881e+01
-2.110634999999999906e+01,1.175823699999999938e+01
-2.108280399999999943e+01,1.167389600000000094e+01
-2.104829399999999850e+01,1.160281600000000068e+01
-2.100328400000000073e+01,1.152555000000000085e+01
-2.097087699999999799e+01,1.141930699999999987e+01
-2.091774699999999854e+01,1.126909400000000083e+01
-2.083851099999999690e+01,1.110421000000000014e+01
-2.075252000000000052e+01,1.095297599999999960e+01
-2.066181600000000174e+01,1.079736799999999874e+01
-2.057182099999999991e+01,1.062455399999999983e+01
-2.046976099999999832e+01,1.048096799999999895e+01
-2.036246700000000232e+01,1.036667899999999953e+01
-2.023846099999999737e+01,1.027349199999999918e+01
-2.012911199999999923e+01,1.020694199999999974e+01
-2.003761499999999884e+01,1.010253900000000016e+01
-1.996478099999999856e+01,9.990425000000000111e+00
-1.991370799999999974e+01,9.878840999999999539e+00
-1.987158399999999858e+01,9.740208000000000865e+00
-1.983073999999999870e+01,9.612846000000001112e+00
-1.977802999999999756e+01,9.488936999999999955e+00
-1.970744900000000044e+01,9.377634000000000469e+00
-1.961497699999999966e+01,9.290355999999999170e+00
-1.950330499999999745e+01,9.197705000000000908e+00
-1.935385899999999992e+01,9.086418999999999357e+00
-1.913925000000000054e+01,8.944903999999999300e+00
-1.879682000000000031e+01,8.713469999999999160e+00
-1.830183200000000099e+01,8.384506000000000014e+00
-1.767438100000000034e+01,7.993916999999999717e+00
-1.692772699999999730e+01,7.588551999999999964e+00
-1.606754899999999964e+01,7.229394999999999349e+00
-1.516055400000000120e+01,6.900033000000000527e+00
-1.427135299999999951e+01,6.549585999999999686e+00
-1.340044400000000024e+01,6.194215999999999944e+00
-1.257441399999999909e+01,5.851676000000000322e+00
-1.182088899999999931e+01,5.502212999999999354e+00
-1.114545799999999964e+01,5.225933999999999635e+00
-1.057878399999999885e+01,5.009858999999999618e+00
-1.010091199999999922e+01,4.757384000000000057e+00
-9.684299000000001101e+00,4.470072000000000045e+00
-9.329394999999999882e+00,4.238832000000000377e+00
-9.050214999999999677e+00,4.013060000000000294e+00
-8.831780999999999437e+00,3.762990000000000279e+00
-8.653171999999999642e+00,3.553423999999999694e+00
-8.518114000000000630e+00,3.392443000000000097e+00
-8.432619000000000753e+00,3.239940000000000264e+00
-8.387914000000000314e+00,3.116752999999999663e+00
-8.369322999999999624e+00,3.022619999999999862e+00
-8.357611000000000345e+00,2.952056000000000235e+00
-8.345658999999999494e+00,2.883579999999999810e+00
-8.342383999999999133e+00,2.827948000000000128e+00
-8.346861999999999782e+00,2.730347000000000079e+00
-8.356796000000001001e+00,2.619283000000000250e+00
-8.383736000000000743e+00,2.516456000000000248e+00
-8.419961999999999946e+00,2.420274000000000036e+00
-8.469921000000001143e+00,2.335045000000000037e+00
-8.530874000000000734e+00,2.270974999999999966e+00
-8.605585000000001372e+00,2.224683999999999884e+00
-8.683877000000000734e+00,2.197836999999999819e+00
-8.751202000000001036e+00,2.154638999999999971e+00
-8.805603999999998877e+00,2.104477000000000153e+00
-8.840135000000000076e+00,2.037695999999999952e+00
-8.864876999999999896e+00,1.963261000000000145e+00
-8.894296000000000646e+00,1.880086000000000146e+00
-8.933330999999999023e+00,1.820270000000000055e+00
-8.979660000000000863e+00,1.770613999999999910e+00
-9.014523999999999759e+00,1.729322000000000026e+00
-9.029946000000000694e+00,1.707477999999999829e+00
-9.026892000000000138e+00,1.701352999999999893e+00
-9.006927000000001016e+00,1.701157000000000030e+00
-8.976516999999999413e+00,1.706227999999999856e+00
-8.940267999999999660e+00,1.705783000000000271e+00
-8.898483000000000587e+00,1.687648000000000037e+00
-8.877458000000000737e+00,1.656163000000000052e+00
-8.871264000000000038e+00,1.600777000000000116e+00
-8.886048999999999864e+00,1.546737999999999946e+00
-8.911749000000000365e+00,1.520880000000000010e+00
-8.919596999999999554e+00,1.499834000000000112e+00
-8.912501999999999924e+00,1.480071999999999832e+00
-8.896739000000000175e+00,1.522002000000000077e+00
-8.877029999999999532e+00,1.570821999999999941e+00
-8.856583000000000538e+00,1.596346999999999960e+00
-8.843647000000000702e+00,1.607785000000000020e+00
-8.834971000000001240e+00,1.590837999999999974e+00
-8.834416000000000935e+00,1.553103000000000122e+00
-8.853835000000000122e+00,1.509597999999999995e+00
-8.897428999999998922e+00,1.479060999999999959e+00
-8.954499999999999460e+00,1.456787000000000054e+00
-9.007592999999999961e+00,1.455551999999999957e+00
-9.044014000000000664e+00,1.446528000000000036e+00
-9.062044999999999462e+00,1.433869999999999978e+00
-9.073282999999999987e+00,1.419567000000000023e+00
-9.088124000000000535e+00,1.410380999999999885e+00
-9.112053999999998766e+00,1.385579000000000116e+00
-9.135899000000000214e+00,1.336842000000000086e+00
-9.161592999999999876e+00,1.285199999999999898e+00
-9.185802000000000689e+00,1.213899999999999979e+00
-9.208643999999999608e+00,1.135963999999999974e+00
-9.242010999999999754e+00,1.081544000000000061e+00
-9.261608000000000729e+00,1.048974000000000073e+00
-9.268066000000001026e+00,1.029343000000000119e+00
-9.275005999999999418e+00,1.018530999999999853e+00
-9.275862000000000052e+00,1.026205999999999952e+00
-9.261535000000000295e+00,1.032121999999999984e+00
-9.224031000000000091e+00,1.023249000000000075e+00
-9.166494999999999393e+00,9.994950000000000223e-01
-9.109582000000001401e+00,9.733219999999999095e-01
-9.075363000000001179e+00,9.496660000000000101e-01
-9.076907999999999532e+00,9.385660000000000114e-01
-9.107221000000000899e+00,9.343629999999999436e-01
-9.148714999999999264e+00,9.344100000000000739e-01
-9.174160999999999788e+00,9.455540000000001166e-01
-9.189626999999999768e+00,9.639180000000000526e-01
-9.202669000000000210e+00,9.667379999999998752e-01
-9.209096999999999866e+00,9.648729999999999807e-01
-9.206408999999998954e+00,9.602639999999998954e-01
-9.187813000000000230e+00,9.436120000000001173e-01
-9.162872999999999379e+00,9.160709999999998576e-01
-9.154714000000000240e+00,8.795940000000000980e-01
-9.158141999999999783e+00,8.377569999999999739e-01
-9.181796000000000291e+00,7.943630000000000413e-01
-9.200082000000000093e+00,7.614509999999999890e-01
-9.198024000000000200e+00,7.105060000000000819e-01
-9.193645000000000067e+00,6.837029999999999497e-01
-9.183605000000000018e+00,6.604130000000000278e-01
-9.185494999999999521e+00,6.541350000000000220e-01
-9.184802000000001243e+00,6.506100000000000216e-01
-9.183372000000000313e+00,6.338869999999999783e-01
-9.170832000000000761e+00,6.095279999999999587e-01
-9.164877999999999858e+00,5.739479999999999027e-01
-9.164982000000000184e+00,5.329920000000000213e-01
-9.174449000000000964e+00,4.927239999999999953e-01
-9.188349000000000544e+00,4.671420000000000017e-01
-9.198605000000000587e+00,4.528050000000000130e-01
-9.190015999999999963e+00,4.307300000000000018e-01
-9.172503000000000739e+00,4.040239999999999942e-01
-9.152399000000000839e+00,3.779949999999999699e-01
-9.141600999999999644e+00,3.443950000000000067e-01
-9.132874000000001047e+00,3.094330000000000136e-01
-9.123537999999999926e+00,2.570739999999999692e-01
-9.118235999999999564e+00,1.999609999999999999e-01
-9.115560999999999581e+00,1.250619999999999787e-01
-9.123067000000000704e+00,4.508500000000000008e-02
-9.124610000000000554e+00,-2.776000000000000342e-02
-9.113341000000000136e+00,-9.102499999999999480e-02
-9.099149000000000598e+00,-1.537140000000000173e-01
-9.087713000000000818e+00,-2.004150000000000098e-01
-9.079663000000000039e+00,-2.317190000000000083e-01
-9.074846000000000856e+00,-2.338780000000000303e-01
-9.065041000000000793e+00,-2.589029999999999943e-01
-9.047385999999999484e+00,-2.971639999999999837e-01
-9.029949000000000225e+00,-3.345739999999999825e-01
-9.021646999999999750e+00,-3.786510000000000153e-01
-9.027523999999999660e+00,-4.113300000000000289e-01
-9.042794000000000665e+00,-4.330370000000000053e-01
-9.053715999999999653e+00,-4.569130000000000136e-01
-9.056972000000000023e+00,-4.724840000000000151e-01
-9.044463999999999615e+00,-4.942239999999999966e-01
-9.027405999999999153e+00,-5.082430000000000003e-01
-9.012975000000000847e+00,-5.273750000000000382e-01
-9.008566000000000074e+00,-5.494939999999999269e-01
-9.011011999999999134e+00,-5.751609999999999223e-01
-9.014915000000000234e+00,-6.060229999999999784e-01
-9.017728999999999218e+00,-6.522759999999999669e-01
-9.019951999999999970e+00,-7.236709999999999532e-01
-9.032823999999999742e+00,-7.824160000000000004e-01
-9.040274000000000143e+00,-8.375530000000001030e-01
-9.032600999999999658e+00,-8.855700000000000793e-01
-9.023260999999999754e+00,-9.293690000000000007e-01
-9.012122999999998996e+00,-9.515230000000000077e-01
-9.010108999999999924e+00,-9.617440000000000433e-01
-9.007800999999998837e+00,-9.806729999999999059e-01
-9.003695000000000448e+00,-1.002291000000000043e+00
-8.990316999999999226e+00,-1.037074999999999969e+00
-8.977985000000000326e+00,-1.069945999999999842e+00
-8.976312000000000069e+00,-1.097717999999999972e+00
-8.985279999999999490e+00,-1.124225000000000030e+00
-8.998632000000000630e+00,-1.144920000000000160e+00
-8.998288999999999760e+00,-1.171807000000000043e+00
-8.980214999999999392e+00,-1.191883000000000026e+00
-8.951420999999999850e+00,-1.195322999999999913e+00
-8.925914000000000570e+00,-1.201896999999999993e+00
-8.915295000000000414e+00,-1.191222999999999921e+00
-8.917611000000000843e+00,-1.173699000000000048e+00
-8.927728000000000108e+00,-1.156716999999999995e+00
-8.931235000000000923e+00,-1.132955999999999852e+00
-8.936125999999999792e+00,-1.054088999999999832e+00
-8.961973999999999663e+00,-9.212850000000000206e-01
-9.043563000000000685e+00,-7.272969999999999713e-01
-9.220116000000000867e+00,-5.109749999999999570e-01
-9.536622999999998740e+00,-2.922520000000000118e-01
-1.005598800000000104e+01,-8.008899999999999353e-02
-1.083151699999999984e+01,1.355719999999999981e-01
-1.191287200000000013e+01,3.443120000000000069e-01
-1.342151600000000045e+01,5.318599999999999994e-01
-1.554728800000000000e+01,7.306989999999999874e-01
-1.819313999999999965e+01,8.508569999999999744e-01
-2.113848299999999725e+01,8.642009999999999970e-01
-2.442218199999999939e+01,8.607629999999999448e-01
-2.807903300000000257e+01,9.339600000000000124e-01
-3.200351299999999810e+01,1.045574000000000003e+00
-3.608482000000000056e+01,1.198920999999999903e+00
-4.028584299999999985e+01,1.385754000000000152e+00
-4.454042100000000204e+01,1.609531999999999963e+00
-4.880216599999999971e+01,1.882484999999999964e+00
-5.306388900000000319e+01,2.195772999999999975e+00
-5.734100300000000061e+01,2.526222999999999885e+00
-6.164580200000000332e+01,2.924725999999999715e+00
-6.587960799999999040e+01,3.247334999999999638e+00
-7.006613900000000683e+01,3.406948000000000309e+00
-7.421579699999999491e+01,3.474791000000000185e+00
-7.826083400000000267e+01,3.545012999999999526e+00
-8.216805300000000045e+01,3.591099999999999959e+00
-8.595838899999999683e+01,3.699934999999999974e+00
-8.955458099999999888e+01,3.935466000000000353e+00
-9.303863499999999931e+01,4.304448000000000718e+00
-9.645433800000000701e+01,4.756763999999999548e+00
-9.983099399999998980e+01,5.259644999999999904e+00
-1.031233900000000006e+02,5.818464999999999776e+00
-1.061825330000000065e+02,6.497478000000000087e+00
-1.089952469999999920e+02,7.242619999999999614e+00
-1.115961840000000080e+02,7.962247999999999770e+00
-1.139903560000000056e+02,8.601236000000000104e+00
-1.163446040000000039e+02,9.214283000000000001e+00
-1.187233580000000046e+02,9.825844999999999274e+00
-1.211575780000000009e+02,1.034358999999999895e+01
-1.237554629999999918e+02,1.082862700000000089e+01
-1.265434110000000061e+02,1.128359999999999985e+01
-1.293881839999999954e+02,1.169745299999999943e+01
-1.321586610000000235e+02,1.202720300000000009e+01
-1.347528690000000040e+02,1.230970899999999979e+01
-1.372318120000000192e+02,1.257048900000000025e+01
-1.395845490000000098e+02,1.275698599999999949e+01
-1.418408050000000173e+02,1.293022700000000036e+01
-1.440143129999999871e+02,1.312232600000000105e+01
-1.460894169999999974e+02,1.329518299999999797e+01
-1.480466000000000122e+02,1.344775799999999855e+01
-1.498799290000000042e+02,1.358696099999999873e+01
-1.515608060000000137e+02,1.371913699999999992e+01
-1.530489039999999932e+02,1.383317999999999870e+01
-1.543552699999999902e+02,1.390485100000000074e+01
-1.555699309999999969e+02,1.395108200000000132e+01
-1.567693940000000055e+02,1.394078900000000054e+01
-1.579370120000000099e+02,1.387680300000000067e+01
-1.590551449999999818e+02,1.379443500000000000e+01
-1.600504760000000033e+02,1.364695799999999792e+01
-1.609264220000000023e+02,1.348762900000000009e+01
-1.615800320000000170e+02,1.333252999999999844e+01
-1.619957119999999975e+02,1.324120700000000106e+01
-1.622558139999999867e+02,1.326661000000000001e+01
-1.622667240000000106e+02,1.343947900000000040e+01
-1.621856379999999831e+02,1.378286799999999879e+01
-1.618762209999999868e+02,1.422281000000000084e+01
-1.613819119999999998e+02,1.470510199999999834e+01
-1.608394930000000045e+02,1.518702999999999825e+01
-1.601696469999999977e+02,1.565045799999999865e+01
-1.593559270000000083e+02,1.613383299999999920e+01
-1.584188080000000127e+02,1.665385200000000054e+01
-1.573504639999999881e+02,1.723321900000000184e+01
-1.562045439999999985e+02,1.784584599999999810e+01
-1.549967649999999821e+02,1.863601099999999988e+01
-1.537348479999999995e+02,1.962218700000000027e+01
-1.525029600000000016e+02,2.082777600000000007e+01
-1.512814639999999997e+02,2.213532099999999758e+01
-1.500489039999999932e+02,2.340555600000000069e+01
-1.487611389999999858e+02,2.458041400000000110e+01
-1.475523830000000203e+02,2.560566700000000040e+01
-1.465140989999999874e+02,2.656469699999999889e+01
-1.456009980000000041e+02,2.755668400000000418e+01
-1.448460690000000000e+02,2.875775100000000251e+01
-1.442302549999999997e+02,3.024813100000000077e+01
-1.437658080000000211e+02,3.187498300000000029e+01
-1.434494479999999896e+02,3.350839600000000473e+01
-1.431844020000000057e+02,3.510475200000000484e+01
-1.428311309999999992e+02,3.656939299999999804e+01
-1.421552889999999820e+02,3.780553799999999853e+01
-1.411558070000000100e+02,3.905435900000000515e+01
-1.400709080000000029e+02,4.026983299999999844e+01
-1.388438870000000236e+02,4.134808699999999959e+01
-1.376601409999999817e+02,4.251728800000000064e+01
-1.365993499999999869e+02,4.383288199999999790e+01
-1.356258090000000038e+02,4.515252699999999919e+01
-1.346100309999999922e+02,4.656711599999999862e+01
-1.336308439999999962e+02,4.817385099999999909e+01
-1.322881769999999904e+02,4.959097700000000231e+01
-1.304211270000000127e+02,5.077817899999999440e+01
-1.280201570000000117e+02,5.170838900000000393e+01
-1.252864989999999921e+02,5.270337700000000325e+01
-1.224041519999999963e+02,5.388444899999999649e+01
-1.194027020000000050e+02,5.530834999999999724e+01
-1.161311800000000005e+02,5.681684899999999772e+01
-1.127979659999999882e+02,5.833803199999999833e+01
-1.092691189999999892e+02,5.962576700000000329e+01
-1.055483169999999973e+02,6.065456800000000470e+01
-1.019896239999999921e+02,6.154069499999999238e+01
-9.832356999999998948e+01,6.231544900000000098e+01
-9.461797299999999211e+01,6.293963199999999603e+01
-9.080815099999999518e+01,6.353104799999999841e+01
-8.716523000000000820e+01,6.384951800000000333e+01
-8.352945699999999363e+01,6.383877199999999874e+01
-7.973638199999999188e+01,6.338191999999999382e+01
-7.578902399999999773e+01,6.246519899999999836e+01
-7.166559599999999364e+01,6.099149699999999541e+01
-6.772324399999999400e+01,5.893396800000000724e+01
-6.402275099999999952e+01,5.636836600000000175e+01
-6.057241800000000609e+01,5.332020999999999589e+01
-5.743517299999999892e+01,4.970555900000000094e+01
-5.457640500000000117e+01,4.557217800000000096e+01
-5.191795700000000124e+01,4.101596099999999723e+01
-4.944770799999999866e+01,3.619219999999999970e+01
-4.717063499999999721e+01,3.124380700000000033e+01
-4.512027700000000152e+01,2.630768799999999885e+01
-4.324615500000000168e+01,2.147432099999999977e+01
-4.148315000000000197e+01,1.713951700000000145e+01
-3.981755400000000122e+01,1.356992699999999807e+01
-3.823448199999999986e+01,1.053154199999999996e+01
-3.676034899999999794e+01,8.205585000000001017e+00
-3.543912499999999710e+01,6.499223000000000638e+00
-3.423161699999999996e+01,4.962651999999999397e+00
-3.308280599999999794e+01,3.547172000000000214e+00
-3.189348800000000139e+01,2.232105999999999923e+00
-3.059972600000000043e+01,9.788950000000000706e-01
-2.925015800000000254e+01,-5.189600000000000463e-02
-2.788423499999999677e+01,-8.888249999999999762e-01
-2.656418000000000035e+01,-1.684020000000000072e+00
-2.529776599999999931e+01,-2.345870999999999817e+00
-2.411071000000000097e+01,-2.938520000000000021e+00
-2.299922000000000111e+01,-3.656594999999999818e+00
-2.197956800000000044e+01,-4.444386999999999865e+00
-2.105210699999999946e+01,-5.198216999999999643e+00
-2.023495499999999936e+01,-5.952912000000000425e+00
-1.957947899999999919e+01,-6.657375000000000043e+00
-1.905535899999999927e+01,-7.321525999999999534e+00
-1.868606600000000029e+01,-7.897947000000000273e+00
-1.848604399999999970e+01,-8.358707000000000775e+00
-1.841276600000000130e+01,-8.745098999999999734e+00
-1.842025899999999794e+01,-9.071756999999999849e+00
-1.849494899999999831e+01,-9.382274000000000669e+00
-1.859269300000000058e+01,-9.646433999999999287e+00
-1.868705199999999778e+01,-9.839133000000000351e+00
-1.874994099999999975e+01,-9.982571000000000083e+00
-1.879460299999999862e+01,-1.010040799999999983e+01
-1.881957999999999842e+01,-1.020033000000000101e+01
-1.874934200000000217e+01,-1.027115299999999998e+01
-1.860444999999999993e+01,-1.019910199999999989e+01
-1.846054299999999770e+01,-1.001899300000000004e+01
-1.828784800000000033e+01,-9.929463000000000150e+00
-1.808096700000000112e+01,-9.995872000000000313e+00
-1.791928900000000269e+01,-1.010874199999999945e+01
-1.779518900000000059e+01,-1.011427499999999924e+01
-1.774349800000000243e+01,-1.014219899999999974e+01
-1.774582699999999846e+01,-1.023851900000000015e+01
-1.782656899999999922e+01,-1.036103699999999961e+01
-1.803960000000000008e+01,-1.041238699999999895e+01
-1.841124899999999798e+01,-1.040497700000000059e+01
-1.895133799999999979e+01,-1.040211199999999891e+01
-1.960806499999999986e+01,-1.038963699999999868e+01
-2.030712699999999771e+01,-1.041661900000000074e+01
-2.100528900000000121e+01,-1.043065499999999979e+01
-2.167933500000000180e+01,-1.042073399999999950e+01
-2.228784800000000033e+01,-1.045837299999999992e+01
-2.279495799999999761e+01,-1.054384600000000027e+01
-2.318797299999999950e+01,-1.061008400000000051e+01
-2.347382400000000047e+01,-1.061920199999999959e+01
-2.365486700000000297e+01,-1.058997700000000108e+01
-2.373076099999999755e+01,-1.059396599999999999e+01
-2.370673400000000086e+01,-1.063336100000000073e+01
-2.365842800000000068e+01,-1.064132299999999987e+01
-2.361263500000000093e+01,-1.056408399999999936e+01
-2.358159399999999906e+01,-1.044670299999999941e+01
-2.357673099999999877e+01,-1.030017299999999913e+01
-2.358452199999999976e+01,-1.011815099999999923e+01
-2.356241800000000097e+01,-9.955708999999998809e+00
-2.350672499999999943e+01,-9.873685999999999297e+00
-2.344105100000000164e+01,-9.842665000000000219e+00
-2.337683099999999925e+01,-9.851107999999999976e+00
-2.332506000000000057e+01,-9.916058999999998846e+00
-2.326250599999999835e+01,-1.008493999999999957e+01
-2.321364600000000067e+01,-1.032026699999999941e+01
-2.321077900000000227e+01,-1.055470799999999976e+01
-2.322509200000000007e+01,-1.081020499999999984e+01
-2.325167699999999726e+01,-1.103317799999999949e+01
-2.333351499999999845e+01,-1.114789000000000030e+01
-2.362161799999999801e+01,-1.115730199999999961e+01
-2.419937300000000135e+01,-1.114996999999999971e+01
-2.500893999999999906e+01,-1.113847900000000024e+01
-2.601483900000000204e+01,-1.115628899999999923e+01
-2.715673100000000062e+01,-1.125820099999999968e+01
-2.836438599999999965e+01,-1.139062999999999981e+01
-2.959797299999999964e+01,-1.148152599999999879e+01
-3.078820399999999680e+01,-1.156102399999999975e+01
-3.187116099999999719e+01,-1.156759499999999896e+01
-3.284362000000000137e+01,-1.155033399999999943e+01
-3.370347199999999788e+01,-1.152779299999999907e+01
-3.449012000000000455e+01,-1.146909899999999993e+01
-3.520124099999999601e+01,-1.141599199999999925e+01
-3.584644699999999773e+01,-1.133683200000000113e+01
-3.646263499999999880e+01,-1.123094299999999990e+01
-3.704697399999999874e+01,-1.108655700000000088e+01
-3.759038900000000183e+01,-1.090892899999999877e+01
-3.811360200000000020e+01,-1.071075599999999994e+01
-3.860444999999999993e+01,-1.052439900000000073e+01
-3.907441299999999984e+01,-1.035812400000000011e+01
-3.954723400000000311e+01,-1.017668800000000040e+01
-4.002698499999999626e+01,-9.998549999999999827e+00
-4.048903299999999916e+01,-9.792251000000000261e+00
-4.093991900000000328e+01,-9.522757000000000360e+00
-4.137567100000000408e+01,-9.220627999999999602e+00
-4.177357500000000101e+01,-8.884413999999999589e+00
-4.212060499999999763e+01,-8.550675999999999277e+00
-4.240528900000000334e+01,-8.239651999999999532e+00
-4.261770200000000131e+01,-7.975947999999999816e+00
-4.276467900000000100e+01,-7.760530999999999402e+00
-4.290519000000000460e+01,-7.503378999999999799e+00
-4.305088400000000348e+01,-7.204253999999999714e+00
-4.322853500000000082e+01,-6.829236999999999114e+00
-4.339515300000000053e+01,-6.402067999999999870e+00
-4.354769100000000037e+01,-5.933823999999999543e+00
-4.366627100000000183e+01,-5.401125000000000398e+00
-4.373158600000000007e+01,-4.862587000000000437e+00
-4.372880200000000173e+01,-4.407930000000000348e+00
-4.369028099999999881e+01,-3.984366999999999770e+00
-4.366191899999999748e+01,-3.564465000000000217e+00
-4.362613300000000294e+01,-3.191913000000000000e+00
-4.355265800000000098e+01,-2.832933999999999841e+00
-4.351078799999999802e+01,-2.376174999999999926e+00
-4.347153499999999582e+01,-1.850304000000000171e+00
-4.339899799999999885e+01,-1.341323999999999961e+00
-4.325840399999999875e+01,-8.260860000000000980e-01
-4.302776000000000067e+01,-3.103719999999999812e-01
-4.266216699999999662e+01,2.593570000000000042e-01
-4.206837099999999907e+01,9.280799999999999050e-01
-4.130960499999999769e+01,1.632633000000000001e+00
-4.056787100000000379e+01,2.335080000000000044e+00
-3.991266599999999443e+01,2.968471000000000082e+00
-3.930830399999999969e+01,3.653405999999999931e+00
-3.872801199999999966e+01,4.392771999999999899e+00
-3.816871599999999631e+01,5.048667000000000016e+00
-3.762438200000000421e+01,5.559825000000000017e+00
-3.706380800000000164e+01,5.967704000000000342e+00
-3.657178499999999843e+01,6.369549000000000127e+00
-3.618157599999999974e+01,6.681997999999999216e+00
-3.587147499999999667e+01,6.815294999999999881e+00
-3.558565099999999859e+01,6.747619000000000256e+00
-3.524981300000000317e+01,6.505181999999999576e+00
-3.486305200000000326e+01,6.154215999999999909e+00
-3.441537499999999739e+01,5.810508999999999702e+00
-3.391654199999999975e+01,5.554094000000000086e+00
-3.338005400000000122e+01,5.365051999999999488e+00
-3.282267000000000223e+01,5.157606999999999609e+00
-3.223813200000000023e+01,4.924608999999999348e+00
-3.161468100000000092e+01,4.697653999999999996e+00
-3.096204799999999935e+01,4.416901000000000188e+00
-3.028190999999999633e+01,4.050427000000000000e+00
-2.964793200000000084e+01,3.693698999999999621e+00
-2.903212000000000259e+01,3.280947000000000280e+00
-2.840729099999999718e+01,2.703573000000000004e+00
-2.768886599999999731e+01,1.874104999999999910e+00
-2.688272299999999859e+01,9.172610000000001040e-01
-2.601271200000000050e+01,1.204650000000000026e-01
-2.512855300000000014e+01,-5.389359999999999706e-01
-2.428317499999999995e+01,-1.109480999999999939e+00
-2.353976799999999869e+01,-1.639680000000000026e+00
-2.289177699999999760e+01,-2.153369000000000089e+00
-2.234413299999999936e+01,-2.680102000000000206e+00
-2.186007499999999837e+01,-3.198389000000000149e+00
-2.142402799999999985e+01,-3.689011000000000262e+00
-2.103165399999999963e+01,-4.131236000000000352e+00
-2.065576000000000079e+01,-4.544716999999999452e+00
-2.026582699999999804e+01,-4.984010999999999747e+00
-1.984657900000000197e+01,-5.487826999999999344e+00
-1.939799500000000165e+01,-6.054399000000000086e+00
-1.891016199999999969e+01,-6.694530000000000314e+00
-1.840165100000000109e+01,-7.403071000000000623e+00
-1.789468199999999953e+01,-8.151113999999999749e+00
-1.740318299999999851e+01,-8.879500999999999422e+00
-1.691321399999999997e+01,-9.637292999999999665e+00
-1.643331500000000034e+01,-1.043456199999999967e+01
-1.600699200000000033e+01,-1.119764400000000037e+01
-1.562950799999999951e+01,-1.194755800000000079e+01
-1.530505499999999941e+01,-1.268999499999999969e+01
-1.504453099999999921e+01,-1.341493599999999908e+01
-1.484319999999999951e+01,-1.410074999999999967e+01
-1.469459200000000187e+01,-1.471981800000000007e+01
-1.457829299999999861e+01,-1.529116199999999992e+01
-1.449576499999999868e+01,-1.582723700000000022e+01
-1.443054099999999984e+01,-1.635783800000000099e+01
-1.437051199999999973e+01,-1.683921799999999891e+01
-1.429696700000000043e+01,-1.728294599999999903e+01
-1.422271600000000014e+01,-1.769335900000000095e+01
-1.414625499999999825e+01,-1.806673200000000179e+01
-1.407039800000000085e+01,-1.838555700000000215e+01
-1.400628900000000066e+01,-1.866971400000000259e+01
-1.396825700000000126e+01,-1.891824500000000242e+01
-1.396861799999999931e+01,-1.910840999999999923e+01
-1.400632500000000036e+01,-1.925524899999999917e+01
-1.407874299999999934e+01,-1.937043800000000005e+01
-1.416970400000000119e+01,-1.944498600000000010e+01
-1.428364899999999871e+01,-1.948598499999999945e+01
-1.439742600000000117e+01,-1.953966499999999940e+01
-1.450186199999999914e+01,-1.961654100000000156e+01
-1.459253200000000028e+01,-1.970105200000000067e+01
-1.464997900000000008e+01,-1.978347600000000028e+01
-1.468379599999999918e+01,-1.983587800000000101e+01
-1.469778999999999947e+01,-1.985201299999999947e+01
-1.470029700000000084e+01,-1.983924100000000124e+01
-1.470013400000000026e+01,-1.980702399999999841e+01
-1.470607399999999920e+01,-1.979034400000000105e+01
-1.472210799999999864e+01,-1.980569500000000005e+01
-1.475394299999999959e+01,-1.984574500000000086e+01
-1.480440300000000065e+01,-1.988935100000000133e+01
-1.486577499999999930e+01,-1.994588500000000053e+01
-1.492492099999999944e+01,-2.002213900000000280e+01
-1.496995499999999879e+01,-2.011170800000000014e+01
-1.499867399999999940e+01,-2.018816899999999848e+01
-1.501272600000000068e+01,-2.026957099999999912e+01
-1.500904399999999939e+01,-2.035391800000000018e+01
-1.501089800000000096e+01,-2.042257900000000248e+01
-1.501100799999999857e+01,-2.050719600000000042e+01
-1.502231899999999953e+01,-2.059201000000000192e+01
-1.503448599999999935e+01,-2.068344300000000047e+01
-1.504565499999999822e+01,-2.078950499999999835e+01
-1.505805900000000008e+01,-2.091874100000000070e+01
-1.506872500000000059e+01,-2.101948699999999803e+01
-1.509243200000000051e+01,-2.109859099999999899e+01
-1.510869899999999966e+01,-2.117178499999999985e+01
-1.511825299999999928e+01,-2.123793399999999920e+01
-1.511773900000000204e+01,-2.129583900000000085e+01
-1.511715100000000156e+01,-2.136155100000000218e+01
-1.511756799999999856e+01,-2.142356499999999997e+01
-1.512527000000000044e+01,-2.148537300000000272e+01
-1.513599400000000017e+01,-2.154990400000000150e+01
-1.514488900000000093e+01,-2.162023200000000145e+01
-1.514812500000000028e+01,-2.170207399999999964e+01
-1.514780299999999968e+01,-2.177621800000000007e+01
-1.515005400000000080e+01,-2.185266899999999879e+01
-1.516741799999999962e+01,-2.191366599999999920e+01
-1.519204200000000071e+01,-2.196306600000000131e+01
-1.522819699999999976e+01,-2.199858300000000000e+01
-1.525794200000000167e+01,-2.203397900000000220e+01
-1.527553200000000011e+01,-2.209045599999999965e+01
-1.527907500000000063e+01,-2.214174500000000023e+01
-1.528397000000000183e+01,-2.217316800000000043e+01
-1.528560899999999911e+01,-2.221073499999999967e+01
-1.528007500000000007e+01,-2.224428400000000039e+01
-1.526748299999999858e+01,-2.227595099999999917e+01
-1.525061900000000037e+01,-2.230937999999999732e+01
