8.423450000000001214e-01,1.800399799999999928e+01
-3.950159999999999783e-01,1.730951500000000109e+01
-1.303537000000000168e+00,1.674754000000000076e+01
-2.288704999999999767e+00,1.615273299999999779e+01
-3.349358000000000057e+00,1.555575299999999928e+01
-4.477351000000000525e+00,1.495881300000000103e+01
-5.664153999999999911e+00,1.437121000000000137e+01
-6.892792999999999282e+00,1.382301600000000086e+01
-8.166197000000000372e+00,1.340252900000000125e+01
-9.442533000000000953e+00,1.315405499999999961e+01
-1.066050599999999982e+01,1.305752400000000080e+01
-1.178755800000000065e+01,1.312371300000000041e+01
-1.281856200000000001e+01,1.330980799999999853e+01
-1.372212399999999910e+01,1.350668200000000141e+01
-1.412092399999999870e+01,1.359811799999999948e+01
-1.483828399999999981e+01,1.379204500000000166e+01
-1.547717999999999883e+01,1.396792399999999823e+01
-1.631105400000000216e+01,1.418624699999999983e+01
-1.680025300000000144e+01,1.440312800000000060e+01
-1.727199699999999893e+01,1.465946199999999955e+01
-1.751354200000000105e+01,1.478768800000000105e+01
-1.803983699999999857e+01,1.501640799999999842e+01
-1.860245499999999907e+01,1.522381199999999879e+01
-1.922130799999999695e+01,1.544687399999999933e+01
-1.996037300000000059e+01,1.565428400000000053e+01
-2.085716799999999793e+01,1.584197499999999970e+01
-2.196503099999999975e+01,1.601447300000000240e+01
-2.328216600000000014e+01,1.619167900000000060e+01
-2.473522799999999933e+01,1.645575499999999991e+01
-2.621299700000000144e+01,1.681246600000000058e+01
-2.762274899999999889e+01,1.719293599999999955e+01
-2.886279099999999787e+01,1.754455000000000098e+01
-2.989634900000000073e+01,1.787621899999999897e+01
-3.076527999999999707e+01,1.822962000000000060e+01
-3.147824500000000114e+01,1.862097900000000195e+01
-3.206055500000000080e+01,1.908804899999999805e+01
-3.248747600000000091e+01,1.953924899999999809e+01
-3.271542700000000536e+01,1.992726299999999995e+01
-3.279459800000000058e+01,2.029977600000000137e+01
-3.278974900000000048e+01,2.068883500000000097e+01
-3.271674699999999802e+01,2.106772399999999834e+01
-3.256314099999999456e+01,2.140212099999999751e+01
-3.235078800000000143e+01,2.174072100000000063e+01
-3.205159400000000147e+01,2.204878599999999977e+01
-3.162322999999999951e+01,2.230455399999999955e+01
-3.103235100000000202e+01,2.252120199999999883e+01
-3.019504199999999727e+01,2.268331000000000230e+01
-2.917828900000000303e+01,2.283975399999999922e+01
-2.807445500000000038e+01,2.301797300000000135e+01
-2.692059300000000022e+01,2.316976499999999817e+01
-2.577794800000000208e+01,2.325644500000000292e+01
-2.463942499999999924e+01,2.327508399999999966e+01
-2.345046599999999870e+01,2.310434500000000213e+01
-2.222298800000000085e+01,2.270122699999999938e+01
-2.084988799999999998e+01,2.203502300000000247e+01
-1.931903099999999895e+01,2.110939400000000177e+01
-1.769721000000000188e+01,2.001010899999999992e+01
-1.603994400000000198e+01,1.875954099999999869e+01
-1.432847999999999900e+01,1.734109899999999982e+01
-1.254923800000000078e+01,1.578131300000000081e+01
-1.070972700000000088e+01,1.414451900000000073e+01
-8.826907999999999532e+00,1.243153500000000022e+01
-6.897064999999999557e+00,1.055963999999999992e+01
-4.923683000000000476e+00,8.533710000000001017e+00
-2.897809999999999775e+00,6.341762000000000121e+00
-8.718319999999999403e-01,4.125487999999999822e+00
1.008920999999999957e+00,2.128700999999999954e+00
2.659968000000000110e+00,7.814619999999999900e-01
3.983295999999999726e+00,2.882999999999999712e-03
4.979948999999999515e+00,-4.718749999999999889e-01
5.661659999999999471e+00,-7.700859999999999372e-01
6.111596999999999724e+00,-9.135040000000000937e-01
6.431619000000000419e+00,-9.975840000000000263e-01
6.673033999999999466e+00,-1.129346999999999879e+00
6.857327999999999868e+00,-1.358198000000000016e+00
6.975133999999999723e+00,-1.726958000000000215e+00
7.047488000000000419e+00,-2.294261999999999802e+00
7.070699000000000289e+00,-3.062918999999999947e+00
7.020692999999999628e+00,-4.068623000000000545e+00
6.912838000000000704e+00,-5.262667999999999680e+00
6.757430999999999521e+00,-6.472233000000000125e+00
6.543433999999999529e+00,-7.575617999999999519e+00
6.276480000000000281e+00,-8.576996000000001175e+00
5.974656999999999663e+00,-9.500428999999998680e+00
5.680737999999999843e+00,-1.037624199999999952e+01
5.432222000000000328e+00,-1.114122099999999982e+01
5.227590000000000181e+00,-1.178227500000000028e+01
5.071419000000000565e+00,-1.231072499999999970e+01
4.981069000000000635e+00,-1.276390199999999986e+01
4.954448000000000185e+00,-1.317851899999999965e+01
4.981805000000000483e+00,-1.358292999999999928e+01
5.088417999999999886e+00,-1.401222199999999951e+01
5.287307000000000201e+00,-1.449731099999999806e+01
5.649040000000000283e+00,-1.510703800000000108e+01
6.163293000000000355e+00,-1.585676199999999980e+01
6.777308999999999806e+00,-1.667933999999999983e+01
7.467941000000000606e+00,-1.752697200000000066e+01
8.213378000000000512e+00,-1.834133500000000083e+01
8.974077000000001192e+00,-1.909229099999999946e+01
9.745700999999998615e+00,-1.974634899999999860e+01
1.050779600000000080e+01,-2.027418700000000129e+01
1.126472300000000004e+01,-2.068805700000000058e+01
1.203050099999999922e+01,-2.100377800000000050e+01
1.281415399999999849e+01,-2.120604299999999753e+01
1.359411700000000067e+01,-2.128282499999999899e+01
1.442113500000000137e+01,-2.133214599999999805e+01
1.538812900000000106e+01,-2.138225900000000124e+01
1.659083599999999947e+01,-2.139185700000000168e+01
1.803261900000000040e+01,-2.138479399999999941e+01
1.969707700000000017e+01,-2.134322399999999931e+01
2.150076699999999974e+01,-2.126436599999999899e+01
2.344763800000000131e+01,-2.109780899999999804e+01
2.566008900000000281e+01,-2.080155799999999999e+01
2.828487800000000263e+01,-2.030817800000000162e+01
3.115201799999999821e+01,-1.964872399999999786e+01
3.403276799999999724e+01,-1.891045599999999993e+01
3.684849200000000025e+01,-1.815720599999999862e+01
3.955204400000000220e+01,-1.744105499999999864e+01
4.220494800000000168e+01,-1.670804200000000250e+01
4.485670499999999805e+01,-1.585763500000000015e+01
4.748666800000000165e+01,-1.491751200000000033e+01
4.992104000000000497e+01,-1.391360599999999970e+01
5.220302600000000126e+01,-1.278862200000000016e+01
5.431433900000000392e+01,-1.144844100000000076e+01
5.626665899999999709e+01,-9.783170000000000144e+00
5.813871800000000434e+01,-7.979947999999999375e+00
5.991500899999999774e+01,-6.172994999999999344e+00
6.166894499999999368e+01,-4.379614000000000118e+00
6.336455200000000332e+01,-2.520125999999999866e+00
6.508157299999999168e+01,-5.603470000000000395e-01
6.688925199999999904e+01,1.429852000000000123e+00
6.871076200000000256e+01,3.195683999999999969e+00
7.042754399999999748e+01,4.635240000000000471e+00
7.199173000000000400e+01,5.959548000000000734e+00
7.355588500000000352e+01,7.199747999999999593e+00
7.515649399999999503e+01,8.417183999999998889e+00
7.681983199999999101e+01,9.607397999999999882e+00
7.844407700000000716e+01,1.064741099999999996e+01
7.993830900000000383e+01,1.164845899999999901e+01
8.128829199999999844e+01,1.255388100000000051e+01
8.255033900000000813e+01,1.330618599999999851e+01
8.373693799999999499e+01,1.395401000000000025e+01
8.489823199999999304e+01,1.455309100000000022e+01
8.599986300000000483e+01,1.505435700000000132e+01
8.694094100000000935e+01,1.550917399999999979e+01
8.770814500000000180e+01,1.591754599999999975e+01
8.829039000000000215e+01,1.637492600000000209e+01
8.877883100000001093e+01,1.691960900000000123e+01
8.926237500000000580e+01,1.765267800000000165e+01
8.984592399999999657e+01,1.854801600000000050e+01
9.047733300000000156e+01,1.950849900000000048e+01
9.113798500000000047e+01,2.050387000000000270e+01
9.187692300000000500e+01,2.146942500000000109e+01
9.272358699999999487e+01,2.233050899999999928e+01
9.367806999999999107e+01,2.301633800000000107e+01
9.469391600000000153e+01,2.348507499999999837e+01
9.563015000000000043e+01,2.380080799999999996e+01
9.633752400000000193e+01,2.405800199999999833e+01
9.676274100000000544e+01,2.435719500000000082e+01
9.691870899999999267e+01,2.471616700000000222e+01
9.680758699999999806e+01,2.510386499999999899e+01
9.651999700000000360e+01,2.558718100000000106e+01
9.631449899999999786e+01,2.599273699999999820e+01
9.624483499999999481e+01,2.618800699999999892e+01
9.625908699999999385e+01,2.633404000000000167e+01
9.623407699999999920e+01,2.650060300000000169e+01
9.604877500000000623e+01,2.661497700000000322e+01
9.563314100000000906e+01,2.675485999999999720e+01
9.512543499999999597e+01,2.689628400000000141e+01
9.460567500000000507e+01,2.704811500000000279e+01
9.418367800000000045e+01,2.721041299999999907e+01
9.399102800000000002e+01,2.731425999999999732e+01
9.391568800000000294e+01,2.740115499999999926e+01
9.392757399999999279e+01,2.744942100000000096e+01
9.392291999999999064e+01,2.746268499999999690e+01
9.387767800000000307e+01,2.749255000000000138e+01
9.378695700000000102e+01,2.751179300000000083e+01
9.362899799999999573e+01,2.752270499999999842e+01
9.343205299999999625e+01,2.751372299999999882e+01
9.318892700000000673e+01,2.745105900000000432e+01
9.289041100000000029e+01,2.740231299999999948e+01
9.261625699999999028e+01,2.738266400000000189e+01
9.234557300000000168e+01,2.738730800000000087e+01
9.210942800000000830e+01,2.742961299999999980e+01
9.188664200000000903e+01,2.748565499999999773e+01
9.160199699999999723e+01,2.758569899999999819e+01
9.126806600000000458e+01,2.770104399999999956e+01
9.086402900000000216e+01,2.779315599999999975e+01
9.046689599999999132e+01,2.790213200000000171e+01
9.010462199999999200e+01,2.800299600000000311e+01
8.971073199999999304e+01,2.807869499999999974e+01
8.927571100000000115e+01,2.817572800000000299e+01
8.877716099999999244e+01,2.827174199999999971e+01
8.824760400000000971e+01,2.837413400000000152e+01
8.768779000000000678e+01,2.849515500000000046e+01
8.714942200000000128e+01,2.860825000000000173e+01
8.667327099999999973e+01,2.871498300000000015e+01
8.625344100000000935e+01,2.883804099999999693e+01
8.588989300000000071e+01,2.901147500000000079e+01
8.551410699999999565e+01,2.922906500000000207e+01
8.506914499999999180e+01,2.947498699999999872e+01
8.454650100000000634e+01,2.970281400000000005e+01
8.392737599999999532e+01,2.988397600000000054e+01
8.311225899999999456e+01,2.994939199999999957e+01
8.177030200000000093e+01,2.991429300000000069e+01
7.934640500000000429e+01,2.985856799999999822e+01
7.562264999999999304e+01,2.994430700000000201e+01
7.085214999999999463e+01,3.022623099999999852e+01
6.550387600000000532e+01,3.048144299999999873e+01
5.986922500000000014e+01,3.058697100000000191e+01
5.406564699999999846e+01,3.057114199999999826e+01
4.824421699999999902e+01,3.042354799999999670e+01
4.263392600000000243e+01,3.008417700000000039e+01
3.735014000000000323e+01,2.954335200000000228e+01
3.240718799999999788e+01,2.896489500000000206e+01
2.791159400000000090e+01,2.845328900000000161e+01
2.385477399999999903e+01,2.810356300000000118e+01
2.020125000000000171e+01,2.790664299999999898e+01
1.698356400000000122e+01,2.785784699999999603e+01
1.422992900000000027e+01,2.790810800000000214e+01
1.190941000000000116e+01,2.812000499999999903e+01
9.974797000000000580e+00,2.840913800000000222e+01
8.459948999999999941e+00,2.878932600000000264e+01
7.291999999999999815e+00,2.922707899999999626e+01
6.347690000000000055e+00,2.971842399999999884e+01
5.583101999999999343e+00,3.026572199999999668e+01
4.960242000000000040e+00,3.079873800000000017e+01
4.412349999999999994e+00,3.122912999999999784e+01
3.949108000000000285e+00,3.161839699999999809e+01
3.596382000000000190e+00,3.196008899999999997e+01
3.294587000000000376e+00,3.228903199999999885e+01
3.020592999999999861e+00,3.259863299999999953e+01
2.780072000000000099e+00,3.280467199999999650e+01
2.535274999999999945e+00,3.309230000000000160e+01
2.247236999999999707e+00,3.360040300000000002e+01
1.888611000000000040e+00,3.423230699999999871e+01
1.464099000000000039e+00,3.492614000000000374e+01
1.015257999999999994e+00,3.558575400000000144e+01
5.418649999999999300e-01,3.612206599999999668e+01
7.780099999999999516e-02,3.659320400000000006e+01
-2.936889999999999779e-01,3.702534099999999739e+01
-5.587239999999999984e-01,3.744961200000000190e+01
-7.298569999999999780e-01,3.793915599999999699e+01
-7.522079999999999878e-01,3.849212299999999942e+01
-6.962899999999999645e-01,3.907160900000000225e+01
-4.855829999999999869e-01,3.969337099999999907e+01
-2.142869999999999775e-01,4.031718800000000158e+01
2.253199999999999995e-02,4.089819299999999913e+01
2.274760000000000115e-01,4.144865399999999767e+01
4.231319999999999526e-01,4.188304899999999975e+01
6.145609999999999129e-01,4.218142299999999523e+01
7.784879999999999578e-01,4.236396400000000284e+01
9.511469999999999647e-01,4.239454699999999576e+01
1.149807000000000023e+00,4.222549799999999465e+01
1.378220000000000001e+00,4.187438200000000421e+01
1.576848000000000027e+00,4.131072600000000250e+01
1.737936000000000147e+00,4.055158600000000035e+01
1.891356999999999955e+00,3.964271200000000306e+01
2.044812999999999992e+00,3.852072100000000177e+01
2.257966999999999835e+00,3.723915900000000079e+01
2.523556999999999828e+00,3.591160599999999903e+01
2.797791000000000139e+00,3.456724899999999678e+01
3.004429999999999712e+00,3.312041500000000127e+01
3.117356000000000016e+00,3.159685900000000203e+01
3.225509999999999877e+00,2.993808400000000347e+01
3.349159999999999915e+00,2.816099199999999669e+01
3.471446999999999949e+00,2.628592499999999887e+01
3.643433000000000366e+00,2.423964099999999888e+01
3.903112999999999833e+00,2.217328099999999935e+01
4.221480000000000565e+00,2.043460100000000068e+01
4.530081000000000024e+00,1.902902000000000271e+01
4.809041999999999817e+00,1.771817199999999914e+01
5.067023000000000721e+00,1.654594200000000015e+01
5.296173999999999715e+00,1.546220400000000161e+01
5.468922000000000061e+00,1.441198299999999932e+01
5.563307000000000002e+00,1.351568999999999932e+01
5.580081999999999987e+00,1.269965000000000011e+01
5.536538000000000181e+00,1.202378299999999989e+01
5.435148000000000756e+00,1.146016000000000012e+01
5.299184999999999590e+00,1.093162700000000065e+01
5.138326000000000171e+00,1.047191499999999920e+01
4.943874000000000102e+00,1.000305200000000028e+01
4.765100000000000335e+00,9.498428000000000537e+00
4.593294999999999462e+00,8.967306999999999917e+00
4.428849999999999731e+00,8.363217000000000567e+00
4.295907999999999838e+00,7.696136999999999340e+00
4.206855000000000011e+00,7.052627000000000201e+00
4.177993999999999986e+00,6.488278000000000212e+00
4.163372999999999990e+00,6.011981999999999715e+00
4.187815000000000509e+00,5.708459999999999646e+00
4.257117000000000040e+00,5.509827999999999726e+00
4.354578000000000060e+00,5.405441000000000606e+00
4.460576999999999792e+00,5.385378000000000220e+00
4.563844000000000456e+00,5.410073999999999828e+00
4.657862999999999865e+00,5.460329999999999906e+00
4.739048000000000371e+00,5.525062000000000140e+00
4.789772000000000141e+00,5.607982999999999940e+00
4.823553999999999675e+00,5.707550000000000345e+00
4.840848999999999513e+00,5.777341000000000726e+00
4.833366000000000717e+00,5.813381999999999827e+00
4.803427000000000113e+00,5.848652999999999658e+00
4.755148999999999404e+00,5.880119999999999791e+00
4.695865000000000400e+00,5.912795000000000023e+00
4.643402000000000029e+00,5.975245000000000140e+00
4.589719999999999800e+00,6.033209999999999518e+00
4.546310000000000073e+00,6.083128000000000313e+00
4.516119999999999912e+00,6.115963999999999956e+00
4.500179000000000151e+00,6.130635999999999974e+00
4.482921000000000156e+00,6.128019000000000105e+00
4.465602999999999767e+00,6.111998999999999960e+00
4.431148000000000309e+00,6.084494999999999543e+00
4.383508999999999212e+00,6.043332000000000370e+00
4.323697000000000124e+00,6.006186000000000469e+00
4.276269999999999349e+00,5.981111000000000288e+00
4.226630999999999361e+00,5.946909999999999918e+00
4.172416000000000125e+00,5.913526000000000060e+00
4.119241000000000597e+00,5.888306000000000040e+00
4.050828000000000095e+00,5.856165999999999983e+00
3.990885000000000016e+00,5.851575000000000415e+00
3.943169000000000146e+00,5.862919999999999909e+00
3.906035999999999841e+00,5.859193000000000318e+00
3.893833999999999573e+00,5.853079000000000143e+00
3.889755000000000074e+00,5.844180999999999848e+00
3.871550000000000047e+00,5.854103000000000279e+00
3.855616999999999628e+00,5.851542000000000243e+00
3.821716000000000335e+00,5.834096999999999866e+00
3.785972000000000115e+00,5.815253000000000227e+00
3.744251000000000218e+00,5.811995999999999718e+00
3.699805999999999706e+00,5.814106999999999914e+00
3.660362999999999811e+00,5.812367000000000061e+00
3.627919999999999590e+00,5.790691000000000699e+00
3.614916999999999714e+00,5.762175000000000047e+00
3.614119000000000081e+00,5.741848000000000063e+00
3.623869000000000451e+00,5.700905000000000555e+00
3.645823000000000480e+00,5.658825000000000216e+00
3.662287000000000070e+00,5.632953999999999795e+00
3.662601999999999691e+00,5.622961000000000098e+00
3.643027999999999711e+00,5.619726999999999251e+00
3.616713999999999984e+00,5.626780000000000115e+00
3.598886000000000251e+00,5.646564999999999834e+00
3.599206999999999823e+00,5.651402000000000037e+00
3.597662000000000138e+00,5.650750000000000384e+00
3.593636000000000053e+00,5.658533000000000257e+00
3.583988999999999869e+00,5.653183000000000291e+00
3.578359999999999985e+00,5.653008999999999951e+00
3.598374999999999879e+00,5.651062000000000474e+00
3.638075000000000170e+00,5.641808999999999408e+00
3.681154000000000259e+00,5.639293000000000333e+00
3.719655999999999629e+00,5.647100000000000009e+00
3.733392999999999962e+00,5.660314999999999763e+00
3.726620999999999739e+00,5.663776999999999617e+00
3.697259999999999991e+00,5.623721999999999888e+00
3.654633999999999716e+00,5.539204999999999934e+00
3.628591999999999818e+00,5.395348000000000255e+00
3.670526999999999873e+00,5.172873000000000054e+00
3.783558000000000199e+00,4.978708000000000133e+00
3.937870999999999899e+00,4.885886000000000173e+00
4.116844000000000392e+00,4.821937999999999391e+00
4.278133000000000408e+00,4.754932000000000158e+00
4.380441999999999503e+00,4.678939999999999877e+00
4.412980000000000125e+00,4.604915000000000092e+00
4.388180999999999443e+00,4.543409999999999727e+00
4.331819000000000308e+00,4.497878000000000043e+00
4.281552999999999720e+00,4.497087000000000501e+00
4.257926000000000322e+00,4.517133999999999538e+00
4.255741000000000440e+00,4.529611000000000054e+00
4.269671999999999912e+00,4.535709999999999908e+00
4.251980999999999788e+00,4.534201000000000370e+00
4.216029999999999944e+00,4.530941999999999581e+00
4.186791000000000373e+00,4.557516999999999818e+00
4.149880999999999709e+00,4.628371999999999709e+00
4.123656999999999684e+00,4.753911000000000442e+00
4.089279000000000330e+00,4.912649000000000044e+00
4.029156999999999655e+00,5.114079000000000264e+00
3.954556999999999878e+00,5.347507000000000232e+00
3.859652999999999778e+00,5.597343000000000401e+00
3.743863999999999859e+00,5.858493000000000173e+00
3.630919000000000452e+00,6.102164000000000144e+00
3.519070999999999838e+00,6.335196999999999967e+00
3.415123999999999604e+00,6.546891000000000460e+00
3.325495999999999786e+00,6.736675999999999220e+00
3.247899000000000314e+00,6.906238000000000099e+00
3.176925000000000221e+00,7.044119999999999493e+00
3.114772000000000318e+00,7.138999000000000095e+00
3.066990999999999801e+00,7.201349999999999696e+00
3.030315000000000314e+00,7.243571000000000204e+00
3.005545999999999829e+00,7.253838000000000896e+00
3.010777000000000037e+00,7.239841000000000193e+00
3.034699000000000257e+00,7.216183000000000014e+00
3.066805000000000003e+00,7.202136000000000315e+00
3.101248000000000005e+00,7.163450999999999347e+00
3.100696000000000119e+00,7.120128999999999486e+00
3.075666000000000011e+00,7.058186999999999323e+00
3.040151999999999965e+00,6.987067999999998946e+00
2.990622000000000114e+00,6.924927000000000277e+00
2.951315999999999828e+00,6.878460999999999714e+00
2.925764000000000031e+00,6.837000999999999884e+00
2.911300999999999917e+00,6.810439999999999827e+00
2.923665999999999876e+00,6.790253999999999124e+00
2.931986999999999899e+00,6.795455999999999719e+00
2.939246999999999943e+00,6.841875999999999181e+00
2.935131999999999852e+00,6.885839999999999073e+00
2.904663999999999913e+00,6.932788999999999646e+00
2.859717999999999982e+00,6.979893999999999821e+00
2.809992999999999963e+00,7.033494000000000135e+00
2.756467999999999918e+00,7.082392999999999716e+00
2.710513000000000172e+00,7.136149999999999771e+00
2.675927999999999862e+00,7.180707000000000839e+00
2.652854000000000045e+00,7.214747999999999273e+00
2.632477999999999874e+00,7.244208000000000425e+00
2.614943000000000239e+00,7.269350999999999452e+00
2.592452999999999896e+00,7.290708999999999662e+00
2.573039000000000076e+00,7.319672999999999874e+00
2.562278000000000056e+00,7.359597999999999196e+00
2.560560999999999865e+00,7.398797999999999320e+00
2.549552000000000263e+00,7.432952000000000226e+00
2.532192999999999916e+00,7.461592999999999698e+00
2.499699000000000115e+00,7.492161000000000293e+00
2.448973000000000066e+00,7.527710000000000790e+00
2.412549999999999972e+00,7.571832000000000562e+00
2.394141999999999992e+00,7.613378999999999230e+00
2.390591999999999828e+00,7.662063000000000734e+00
2.401574000000000098e+00,7.725858000000000558e+00
2.395113000000000270e+00,7.803965999999999958e+00
2.387881999999999838e+00,7.878577000000000830e+00
2.370563999999999893e+00,7.946544999999999526e+00
2.338211999999999957e+00,7.999230000000000729e+00
2.310058999999999862e+00,8.055572999999998984e+00
2.283745999999999832e+00,8.105062000000000211e+00
2.261611000000000260e+00,8.153893000000000058e+00
2.248944999999999972e+00,8.192849999999999966e+00
2.251628999999999881e+00,8.234379999999999811e+00
2.263228999999999935e+00,8.267461000000000837e+00
2.281781000000000059e+00,8.289592999999999989e+00
2.297800999999999760e+00,8.301733000000000473e+00
2.306834999999999969e+00,8.309786000000000783e+00
2.306818999999999953e+00,8.309070000000000178e+00
2.313429000000000180e+00,8.305066999999999311e+00
2.315647999999999929e+00,8.297893999999999437e+00
2.306515999999999789e+00,8.285361999999999227e+00
2.292997999999999870e+00,8.281060000000000088e+00
2.260784999999999823e+00,8.272691999999999268e+00
2.243638000000000243e+00,8.295761000000000607e+00
2.257063000000000041e+00,8.316575000000000273e+00
2.289887999999999924e+00,8.341872000000000398e+00
2.337092999999999865e+00,8.371067999999999287e+00
2.375309999999999810e+00,8.417064999999999131e+00
2.386525999999999925e+00,8.470741000000000298e+00
2.386611999999999956e+00,8.507346999999999326e+00
2.372746999999999939e+00,8.530355999999999383e+00
2.351011000000000184e+00,8.548147999999999413e+00
2.334481000000000250e+00,8.565680999999999656e+00
2.326492000000000004e+00,8.581488000000000227e+00
2.323506000000000071e+00,8.592728999999998507e+00
2.329679000000000055e+00,8.601952999999999960e+00
2.343698999999999977e+00,8.617807000000000883e+00
2.361479999999999801e+00,8.633983999999999881e+00
2.376333000000000251e+00,8.659283000000000285e+00
2.386579000000000228e+00,8.675266999999999840e+00
2.391652999999999807e+00,8.678558000000000661e+00
2.382934999999999803e+00,8.691689000000000220e+00
2.373466999999999771e+00,8.709702000000000055e+00
2.367661000000000016e+00,8.733528999999998987e+00
2.367796999999999930e+00,8.749482999999999677e+00
2.354731999999999825e+00,8.767055000000000931e+00
2.335447000000000273e+00,8.789425999999998851e+00
2.314154000000000266e+00,8.815825000000000244e+00
2.312361000000000111e+00,8.855508999999999631e+00
2.347900999999999794e+00,8.898764999999999148e+00
2.394724000000000075e+00,8.943004000000000175e+00
2.436370000000000147e+00,9.012872999999999024e+00
2.467121000000000119e+00,9.111361000000000487e+00
2.468296000000000046e+00,9.225049999999999528e+00
2.462740999999999847e+00,9.348067999999999600e+00
2.440313999999999872e+00,9.474021000000000470e+00
2.407874000000000070e+00,9.626244999999999052e+00
2.367688000000000237e+00,9.810100000000000264e+00
2.325753999999999877e+00,1.001811600000000091e+01
2.272702000000000222e+00,1.025220899999999880e+01
2.201702999999999744e+00,1.051376499999999936e+01
2.135790000000000077e+00,1.078272199999999970e+01
2.069786999999999821e+00,1.103970800000000096e+01
2.008973000000000120e+00,1.128037400000000012e+01
1.964359999999999884e+00,1.150468000000000046e+01
1.921227000000000018e+00,1.170329299999999861e+01
1.885774999999999979e+00,1.188536199999999887e+01
1.844575000000000076e+00,1.207233300000000042e+01
1.793309999999999960e+00,1.226167500000000032e+01
1.744811999999999808e+00,1.243977899999999970e+01
1.678966999999999876e+00,1.260077599999999975e+01
1.606667000000000067e+00,1.272527999999999970e+01
1.553727000000000080e+00,1.279260099999999944e+01
1.511525999999999925e+00,1.285054400000000108e+01
1.484050000000000091e+00,1.293189199999999950e+01
1.455589000000000022e+00,1.301931100000000008e+01
1.430512999999999924e+00,1.309077100000000016e+01
1.412449999999999983e+00,1.316043400000000041e+01
1.391452000000000133e+00,1.321344400000000086e+01
1.377701999999999982e+00,1.322860000000000014e+01
1.368104999999999905e+00,1.319352600000000031e+01
1.361177000000000081e+00,1.312397499999999972e+01
1.365876000000000090e+00,1.305281199999999941e+01
1.367272000000000043e+00,1.297499299999999955e+01
1.368514000000000008e+00,1.290559100000000115e+01
1.369295999999999847e+00,1.286161499999999869e+01
1.363560000000000105e+00,1.282143800000000056e+01
1.361620999999999970e+00,1.277533999999999992e+01
1.371701999999999977e+00,1.275055799999999984e+01
1.387332999999999927e+00,1.272995599999999961e+01
1.404249000000000080e+00,1.270454299999999925e+01
1.410490999999999939e+00,1.268254100000000051e+01
1.418352000000000057e+00,1.264940499999999979e+01
1.432501000000000024e+00,1.261170300000000033e+01
1.446743000000000112e+00,1.258866399999999963e+01
1.464266000000000068e+00,1.254815800000000081e+01
1.488075999999999954e+00,1.252077899999999921e+01
1.492462999999999873e+00,1.249729199999999985e+01
1.503763999999999879e+00,1.248363699999999987e+01
1.515991000000000088e+00,1.245923299999999934e+01
1.531098999999999988e+00,1.241911699999999996e+01
1.559798000000000018e+00,1.237633899999999976e+01
1.590292999999999957e+00,1.234045000000000059e+01
1.618571999999999900e+00,1.231864999999999988e+01
1.628498000000000001e+00,1.231354400000000027e+01
1.612951999999999941e+00,1.230252100000000048e+01
1.586810000000000054e+00,1.230342399999999969e+01
1.552000000000000046e+00,1.229605899999999963e+01
1.518245999999999984e+00,1.227555300000000038e+01
1.488342000000000054e+00,1.226428300000000071e+01
1.465153000000000150e+00,1.225066300000000119e+01
1.448609999999999953e+00,1.221856400000000065e+01
1.440439999999999943e+00,1.216144500000000050e+01
1.430080000000000018e+00,1.209357199999999999e+01
1.410763999999999907e+00,1.203354999999999997e+01
1.383770999999999862e+00,1.197952300000000037e+01
1.355093000000000103e+00,1.193685099999999899e+01
1.335409000000000068e+00,1.191159500000000016e+01
1.312956999999999930e+00,1.189169700000000063e+01
1.286324000000000023e+00,1.187935099999999977e+01
1.256037999999999988e+00,1.185181399999999918e+01
1.215381999999999962e+00,1.181657400000000102e+01
1.190690000000000026e+00,1.178156300000000023e+01
1.191290999999999878e+00,1.172889799999999916e+01
1.204945000000000155e+00,1.165947500000000048e+01
1.236145000000000049e+00,1.158093699999999870e+01
1.267603000000000035e+00,1.150412200000000063e+01
1.315587999999999980e+00,1.143531000000000120e+01
1.393112000000000128e+00,1.138417700000000110e+01
1.484050000000000091e+00,1.134744500000000045e+01
1.587320000000000064e+00,1.130760200000000104e+01
1.707938999999999874e+00,1.125991199999999992e+01
1.838059999999999805e+00,1.119755600000000051e+01
1.979845999999999995e+00,1.110531499999999916e+01
2.128130000000000077e+00,1.099277700000000024e+01
2.285339000000000009e+00,1.087967300000000037e+01
2.427662999999999904e+00,1.078677500000000045e+01
2.533071000000000073e+00,1.069508000000000081e+01
2.599098000000000130e+00,1.060816400000000037e+01
2.616391999999999829e+00,1.055061300000000024e+01
2.595850999999999686e+00,1.053379400000000032e+01
2.563390000000000057e+00,1.054795200000000044e+01
2.547757999999999967e+00,1.057104100000000102e+01
2.533133999999999997e+00,1.060372899999999952e+01
2.525465000000000071e+00,1.063566100000000070e+01
2.542517999999999834e+00,1.065647700000000064e+01
2.559269000000000016e+00,1.066831099999999921e+01
2.590043999999999791e+00,1.069660599999999917e+01
2.629013999999999740e+00,1.073318800000000017e+01
2.664550999999999892e+00,1.076989200000000046e+01
2.703141000000000016e+00,1.081968499999999977e+01
2.724848000000000159e+00,1.088906799999999997e+01
2.726300999999999863e+00,1.096603499999999976e+01
2.715720000000000134e+00,1.104044200000000053e+01
2.683939000000000075e+00,1.109875399999999956e+01
2.653699000000000030e+00,1.114494000000000007e+01
2.621267000000000014e+00,1.117966000000000015e+01
2.590252999999999695e+00,1.120545000000000080e+01
2.560122000000000231e+00,1.120492299999999908e+01
2.536983999999999906e+00,1.118795899999999932e+01
2.529231999999999925e+00,1.115648200000000045e+01
2.530440000000000023e+00,1.111727499999999935e+01
2.534406999999999854e+00,1.107463000000000086e+01
2.529697999999999780e+00,1.104897799999999997e+01
2.508166000000000118e+00,1.103844999999999921e+01
2.473452999999999680e+00,1.103762100000000146e+01
2.435811999999999866e+00,1.103776900000000083e+01
2.401813000000000198e+00,1.104348899999999922e+01
2.382613000000000092e+00,1.105587000000000053e+01
2.389539000000000080e+00,1.106115700000000146e+01
2.400827999999999740e+00,1.105420399999999859e+01
2.406228000000000034e+00,1.104240399999999944e+01
2.397474000000000327e+00,1.103414399999999951e+01
2.375051000000000023e+00,1.102351300000000123e+01
2.380848999999999993e+00,1.103582899999999967e+01
2.412583000000000144e+00,1.105918899999999994e+01
2.457958000000000087e+00,1.109207100000000068e+01
2.508909999999999751e+00,1.114281000000000077e+01
2.533465000000000078e+00,1.119959300000000013e+01
2.539808000000000288e+00,1.124214599999999997e+01
2.520615999999999968e+00,1.126782899999999898e+01
2.488115999999999772e+00,1.127781199999999906e+01
2.470066000000000095e+00,1.127827599999999997e+01
2.468609999999999971e+00,1.127843499999999999e+01
2.478269000000000055e+00,1.127194599999999980e+01
2.495443999999999996e+00,1.126418699999999973e+01
2.511045999999999889e+00,1.125206700000000026e+01
2.522199000000000080e+00,1.123358299999999943e+01
2.523261000000000198e+00,1.120571499999999965e+01
2.516356000000000037e+00,1.118180300000000038e+01
2.501450000000000173e+00,1.116004600000000124e+01
2.484624999999999861e+00,1.114285300000000056e+01
2.458425000000000082e+00,1.112199700000000036e+01
2.424770000000000092e+00,1.109301600000000043e+01
2.389334999999999987e+00,1.105849199999999932e+01
2.353299999999999947e+00,1.102579900000000102e+01
2.335408000000000150e+00,1.099441400000000080e+01
2.336621000000000059e+00,1.096067400000000092e+01
2.336593000000000142e+00,1.091028700000000029e+01
2.336625999999999870e+00,1.084243299999999977e+01
2.326672999999999991e+00,1.077720899999999915e+01
2.297827999999999982e+00,1.073956899999999948e+01
2.290122000000000213e+00,1.073779299999999992e+01
2.293233000000000299e+00,1.075566900000000103e+01
2.305429999999999868e+00,1.078634299999999868e+01
2.319479000000000291e+00,1.083214100000000002e+01
2.311157000000000128e+00,1.089445800000000020e+01
2.300454999999999917e+00,1.096953500000000048e+01
2.288405000000000022e+00,1.103797499999999943e+01
2.276025999999999883e+00,1.110618499999999997e+01
2.272647999999999779e+00,1.119456199999999946e+01
2.265559000000000101e+00,1.132600599999999957e+01
2.257819000000000020e+00,1.149348700000000001e+01
2.243583999999999801e+00,1.170045200000000030e+01
2.226447000000000287e+00,1.193774799999999914e+01
2.216874999999999929e+00,1.222388899999999978e+01
2.212266000000000066e+00,1.256838200000000150e+01
2.216127000000000180e+00,1.299684799999999996e+01
2.226983999999999853e+00,1.349327800000000011e+01
2.248470999999999886e+00,1.400452099999999866e+01
2.277465999999999990e+00,1.454536799999999985e+01
2.292641000000000151e+00,1.509417600000000093e+01
2.308606999999999854e+00,1.559597499999999926e+01
2.344800000000000217e+00,1.601220299999999952e+01
2.400688999999999851e+00,1.630430000000000135e+01
2.466400000000000148e+00,1.641652099999999947e+01
2.551687999999999956e+00,1.634616499999999917e+01
2.624048000000000158e+00,1.613125000000000142e+01
2.665721000000000007e+00,1.585142399999999974e+01
2.679049000000000014e+00,1.559078699999999884e+01
2.661592999999999876e+00,1.541089800000000132e+01
2.625474999999999781e+00,1.532605599999999946e+01
2.582297999999999760e+00,1.531000400000000106e+01
2.537366000000000010e+00,1.536913800000000130e+01
2.494952999999999754e+00,1.545841199999999915e+01
2.443613000000000035e+00,1.553671799999999870e+01
2.392605000000000093e+00,1.562384100000000053e+01
2.343129000000000239e+00,1.569802800000000076e+01
2.301891999999999605e+00,1.573668099999999903e+01
2.257293999999999912e+00,1.572738299999999789e+01
2.220749000000000084e+00,1.568553999999999959e+01
2.202300999999999842e+00,1.562708999999999904e+01
2.200047000000000086e+00,1.555671599999999977e+01
2.205158000000000396e+00,1.548098299999999838e+01
2.206149000000000360e+00,1.542291099999999915e+01
2.191000999999999976e+00,1.538859399999999944e+01
2.158972000000000335e+00,1.535913299999999815e+01
2.113488999999999951e+00,1.535385899999999992e+01
2.067533000000000065e+00,1.538142699999999863e+01
2.035233999999999988e+00,1.539664100000000069e+01
2.006765999999999828e+00,1.538783200000000129e+01
1.983476999999999935e+00,1.536293099999999967e+01
1.961695999999999884e+00,1.528779699999999941e+01
1.929602000000000039e+00,1.518706099999999815e+01
1.917186000000000057e+00,1.508590899999999912e+01
1.925608000000000208e+00,1.497215700000000105e+01
1.946965000000000057e+00,1.482181199999999954e+01
1.980756999999999879e+00,1.466783099999999962e+01
2.013468999999999731e+00,1.452066400000000179e+01
2.041059000000000179e+00,1.436221499999999907e+01
2.059041000000000121e+00,1.418534899999999865e+01
2.052814000000000139e+00,1.399835799999999786e+01
2.022295000000000176e+00,1.379508299999999821e+01
1.972965000000000080e+00,1.360751400000000189e+01
1.917695000000000149e+00,1.344686499999999896e+01
1.870090999999999948e+00,1.328078299999999956e+01
1.837283000000000222e+00,1.309923999999999999e+01
1.826120999999999883e+00,1.291136099999999942e+01
1.832929999999999948e+00,1.271930300000000003e+01
1.846806999999999865e+00,1.251826699999999981e+01
1.862866999999999829e+00,1.230786100000000083e+01
1.874822999999999906e+00,1.210074299999999958e+01
1.871188000000000073e+00,1.190978300000000090e+01
1.859391000000000016e+00,1.174766200000000005e+01
1.853045000000000053e+00,1.160092100000000137e+01
1.848824999999999941e+00,1.145937999999999946e+01
1.839252000000000109e+00,1.131472899999999981e+01
1.836025000000000018e+00,1.118719299999999883e+01
1.827952999999999939e+00,1.102463999999999977e+01
1.824177999999999855e+00,1.085951400000000078e+01
1.836451999999999973e+00,1.069720700000000058e+01
1.854713999999999974e+00,1.053802600000000034e+01
1.887043999999999944e+00,1.038876600000000039e+01
1.927852999999999817e+00,1.027324199999999976e+01
1.956472999999999907e+00,1.018938400000000044e+01
1.977606999999999893e+00,1.012077000000000027e+01
1.981520000000000170e+00,1.005063800000000107e+01
1.971905000000000019e+00,9.996097999999999928e+00
1.959404000000000146e+00,9.944015000000000271e+00
1.945836999999999817e+00,9.890022999999999342e+00
1.931241999999999903e+00,9.812136999999999887e+00
1.921872000000000025e+00,9.721491000000000327e+00
1.920450999999999908e+00,9.624893000000000143e+00
1.931629999999999958e+00,9.523972999999999800e+00
1.950774000000000230e+00,9.419291000000001191e+00
1.974984000000000073e+00,9.326717000000000368e+00
1.999827999999999939e+00,9.255012999999999934e+00
2.023015000000000008e+00,9.192197000000000173e+00
2.037373000000000101e+00,9.143213000000001145e+00
2.051311000000000107e+00,9.122092000000000311e+00
2.076705000000000023e+00,9.101497000000000170e+00
2.098686000000000274e+00,9.075589000000000794e+00
2.114867999999999970e+00,9.048763000000001000e+00
2.128356000000000137e+00,9.006685000000000940e+00
2.139564000000000021e+00,8.957143999999999551e+00
2.155772999999999939e+00,8.919074999999999420e+00
2.189713000000000243e+00,8.894192999999999572e+00
2.230663999999999980e+00,8.875175000000000480e+00
2.278949000000000336e+00,8.851427000000001044e+00
2.322553000000000090e+00,8.842026999999999859e+00
2.343697000000000141e+00,8.848739000000000132e+00
2.348517999999999883e+00,8.857386999999999233e+00
2.331770999999999816e+00,8.861457000000001472e+00
2.307966999999999658e+00,8.862071999999999505e+00
2.286027000000000253e+00,8.859429999999999694e+00
2.266353000000000062e+00,8.855679999999999552e+00
2.248620000000000285e+00,8.835947000000000884e+00
2.229082000000000008e+00,8.798886999999998793e+00
2.211529999999999774e+00,8.739644999999999442e+00
2.200107000000000035e+00,8.671129999999999782e+00
2.192496999999999918e+00,8.597758999999999929e+00
2.190793999999999908e+00,8.533794000000000324e+00
2.184285000000000032e+00,8.483705999999999747e+00
2.172595000000000276e+00,8.437219999999999942e+00
2.148400999999999783e+00,8.399691000000000685e+00
2.117385000000000073e+00,8.369744000000000739e+00
2.084534000000000109e+00,8.356419999999999959e+00
2.064299000000000106e+00,8.350554999999999950e+00
2.045390000000000263e+00,8.336849000000000842e+00
2.033312000000000008e+00,8.307952000000000226e+00
2.024547999999999792e+00,8.265983999999999554e+00
2.001927999999999930e+00,8.227562999999999960e+00
1.985866999999999827e+00,8.224194999999999922e+00
1.988784000000000107e+00,8.229200999999999766e+00
1.994725000000000081e+00,8.241467000000000098e+00
2.009011000000000102e+00,8.262677999999999301e+00
2.010548000000000002e+00,8.288753999999999067e+00
2.003633999999999915e+00,8.325378999999999863e+00
1.992338999999999860e+00,8.357203999999999411e+00
1.970216999999999885e+00,8.379364000000000701e+00
1.947008999999999990e+00,8.399523000000000295e+00
1.923270000000000035e+00,8.418046999999999613e+00
1.898099999999999898e+00,8.439204000000000150e+00
1.874143999999999810e+00,8.449904000000000082e+00
1.858916999999999931e+00,8.444290999999999769e+00
1.854849000000000192e+00,8.404825999999999908e+00
1.863470999999999878e+00,8.347983000000001041e+00
1.884556000000000120e+00,8.292949000000000126e+00
1.906727999999999978e+00,8.243035000000000778e+00
1.926172999999999913e+00,8.210974000000000217e+00
1.930570999999999815e+00,8.210677000000000447e+00
1.923622000000000165e+00,8.240083999999999520e+00
1.920143999999999851e+00,8.282230999999999455e+00
1.925731999999999999e+00,8.316560000000000841e+00
1.934758000000000200e+00,8.340580000000000993e+00
1.949852000000000141e+00,8.356172000000000821e+00
1.948757000000000073e+00,8.374743999999999744e+00
1.945059999999999789e+00,8.405514999999999404e+00
1.955263999999999891e+00,8.442063000000000983e+00
1.966169999999999973e+00,8.474411999999999168e+00
1.982813000000000159e+00,8.524222999999999217e+00
2.006625999999999799e+00,8.586270999999999987e+00
2.028038000000000007e+00,8.671552999999999400e+00
2.047245000000000203e+00,8.762838999999999601e+00
2.045301999999999953e+00,8.832093999999999667e+00
2.031956000000000095e+00,8.898104000000000013e+00
2.017175999999999636e+00,8.957261000000000806e+00
1.994293999999999789e+00,9.005267999999999162e+00
1.974158000000000079e+00,9.034815000000000040e+00
1.959066999999999892e+00,9.052732999999999919e+00
1.947441999999999895e+00,9.063295000000000101e+00
1.946606999999999976e+00,9.056419999999999249e+00
1.962342999999999948e+00,9.034060000000000201e+00
1.983490000000000197e+00,9.006632000000001526e+00
1.997038000000000091e+00,8.990177000000000973e+00
2.001589000000000063e+00,8.970860000000000056e+00
1.994729000000000196e+00,8.948078000000000642e+00
1.988477000000000050e+00,8.932816000000000756e+00
1.990086999999999939e+00,8.926680000000001058e+00
1.993341999999999725e+00,8.907671999999999812e+00
1.996159999999999934e+00,8.889920000000000044e+00
1.992226999999999970e+00,8.869982000000000255e+00
1.969666999999999835e+00,8.847450999999999510e+00
1.962452999999999781e+00,8.852828999999999837e+00
1.989043000000000117e+00,8.866746000000000905e+00
2.035899000000000125e+00,8.889037000000000077e+00
2.082289999999999974e+00,8.927602000000000260e+00
2.107228000000000101e+00,8.981794000000000722e+00
2.104328999999999894e+00,9.043896000000000157e+00
2.093472999999999917e+00,9.088532000000000721e+00
2.070580000000000087e+00,9.121696999999999278e+00
2.046752999999999822e+00,9.160693999999999448e+00
2.030523000000000078e+00,9.195581999999999923e+00
2.017049000000000092e+00,9.217496000000000578e+00
2.008459000000000216e+00,9.232656000000000418e+00
2.004002999999999979e+00,9.239397000000000304e+00
2.011369999999999880e+00,9.239399999999999835e+00
2.031206000000000067e+00,9.226702000000001291e+00
2.050272000000000094e+00,9.206957000000000946e+00
2.063881999999999994e+00,9.185712999999999795e+00
2.070704999999999796e+00,9.161739999999999995e+00
2.065133000000000330e+00,9.146836000000000411e+00
2.045517999999999947e+00,9.139801999999999538e+00
2.027274000000000242e+00,9.147197999999999496e+00
2.023371000000000031e+00,9.156185999999999936e+00
2.041088999999999931e+00,9.157308000000000447e+00
2.067194999999999894e+00,9.150093000000000032e+00
2.082805000000000017e+00,9.146592000000000056e+00
2.085952999999999946e+00,9.141460999999999615e+00
2.078676999999999886e+00,9.133335999999999899e+00
2.092868999999999868e+00,9.146483999999999170e+00
2.135845000000000216e+00,9.167908000000000612e+00
2.184779999999999944e+00,9.195092999999999961e+00
2.231243999999999783e+00,9.236473000000000155e+00
2.258567999999999909e+00,9.284760999999999598e+00
2.254452000000000123e+00,9.333204999999999529e+00
2.235524000000000289e+00,9.370333000000000467e+00
2.203911999999999871e+00,9.394351999999999592e+00
2.177824000000000204e+00,9.404325000000000045e+00
2.169993999999999978e+00,9.412015999999999494e+00
2.165790000000000326e+00,9.408774000000001081e+00
2.165233000000000185e+00,9.401977999999999724e+00
2.170725999999999711e+00,9.378214999999999080e+00
2.185284000000000226e+00,9.350030999999999537e+00
2.200387000000000093e+00,9.321305000000000618e+00
2.203088999999999853e+00,9.295135000000000147e+00
2.191977999999999760e+00,9.281204999999999927e+00
2.174834000000000156e+00,9.258647999999999101e+00
2.148797000000000068e+00,9.240700000000000358e+00
2.123578999999999883e+00,9.222512000000000043e+00
2.094189000000000078e+00,9.197991999999999280e+00
2.067877999999999883e+00,9.170386000000000593e+00
2.053952000000000222e+00,9.144721999999999795e+00
2.054250999999999827e+00,9.122849000000000430e+00
2.067061999999999955e+00,9.085622000000000753e+00
2.067591000000000179e+00,9.035754999999999981e+00
2.066866000000000092e+00,8.983240999999999588e+00
2.044591999999999743e+00,8.948082000000001202e+00
2.026294000000000040e+00,8.941136000000000195e+00
2.035249000000000308e+00,8.944955999999999463e+00
2.053031000000000272e+00,8.948439000000000476e+00
2.078752999999999851e+00,8.961036999999999253e+00
2.088734999999999786e+00,8.985903999999999670e+00
2.081431999999999949e+00,9.013087999999999766e+00
2.066013000000000321e+00,9.027307999999999666e+00
2.037484999999999769e+00,9.028492999999999213e+00
2.006700999999999624e+00,9.033130999999999133e+00
1.985772000000000093e+00,9.039514000000000493e+00
1.967667999999999973e+00,9.045721999999999596e+00
1.949581000000000230e+00,9.050943999999999434e+00
1.938180000000000014e+00,9.048451000000000022e+00
1.934020000000000072e+00,9.040892999999998736e+00
1.939124000000000070e+00,9.020070000000000476e+00
1.947753999999999985e+00,8.997907000000001432e+00
1.957330000000000014e+00,8.983947999999999823e+00
1.960377000000000036e+00,8.975572999999998913e+00
1.956581000000000126e+00,8.971892000000000422e+00
1.946906000000000025e+00,8.975524999999999309e+00
1.930185999999999957e+00,8.974735000000000795e+00
1.912498000000000031e+00,8.963574000000001263e+00
1.911386000000000029e+00,8.941949000000001035e+00
1.923868999999999829e+00,8.909589000000000425e+00
1.943311999999999928e+00,8.870210999999999402e+00
1.958841000000000054e+00,8.842370999999999981e+00
1.951479999999999881e+00,8.841028999999998916e+00
1.947791999999999746e+00,8.874356000000000577e+00
1.961693999999999827e+00,8.905419000000000196e+00
1.978174000000000099e+00,8.943496000000001445e+00
2.003521000000000107e+00,8.989489999999999981e+00
2.022572000000000259e+00,9.039010000000001099e+00
2.034828000000000081e+00,9.089592999999998923e+00
2.040486000000000022e+00,9.122560999999999254e+00
2.025300999999999796e+00,9.148533999999999722e+00
2.002421000000000006e+00,9.175755999999999801e+00
1.980134000000000061e+00,9.199978999999999019e+00
1.958500999999999825e+00,9.218904000000000210e+00
1.945856000000000030e+00,9.239175999999998723e+00
1.944818999999999853e+00,9.246999000000000635e+00
1.954542999999999919e+00,9.243572000000000344e+00
1.970236000000000098e+00,9.236413999999999902e+00
1.996122000000000174e+00,9.215603999999999019e+00
2.029069999999999929e+00,9.179902000000000228e+00
2.058141999999999694e+00,9.145369000000000526e+00
2.067041000000000128e+00,9.126824000000000936e+00
2.063056000000000001e+00,9.094625000000000625e+00
2.046327999999999925e+00,9.049992999999998844e+00
2.046870000000000189e+00,9.060714000000000823e+00
2.059133999999999798e+00,9.079767000000000365e+00
2.062260999999999900e+00,9.098674000000000817e+00
2.062629999999999963e+00,9.121435999999999211e+00
2.059460000000000068e+00,9.127285999999999788e+00
2.050975000000000215e+00,9.124399000000000370e+00
2.069199000000000233e+00,9.130518999999999608e+00
2.111483000000000221e+00,9.143691000000000457e+00
2.157025999999999666e+00,9.162504000000000204e+00
2.193211000000000244e+00,9.191860999999999393e+00
2.203917999999999822e+00,9.230976000000000070e+00
2.191454999999999931e+00,9.285014000000000323e+00
2.174990999999999897e+00,9.317370000000000374e+00
2.154901999999999873e+00,9.332067999999999586e+00
2.146907000000000121e+00,9.342067999999999373e+00
2.142522000000000038e+00,9.359439000000000064e+00
2.135953999999999908e+00,9.364036999999999722e+00
2.130538000000000043e+00,9.349474000000000729e+00
2.132261999999999880e+00,9.335738000000000980e+00
2.144124000000000141e+00,9.318101999999999663e+00
2.167943999999999871e+00,9.290782999999999348e+00
2.195126999999999828e+00,9.269249999999999545e+00
2.214300999999999853e+00,9.247166999999999248e+00
2.219786999999999733e+00,9.238710000000001088e+00
2.213315000000000143e+00,9.238737999999999673e+00
2.200785999999999909e+00,9.237619999999999720e+00
2.190183000000000213e+00,9.240967999999998739e+00
2.189729000000000259e+00,9.245374999999999233e+00
2.207929000000000030e+00,9.248813999999999425e+00
2.236822999999999784e+00,9.239402999999999366e+00
2.259300000000000086e+00,9.237353000000000591e+00
2.268302999999999958e+00,9.240636000000000294e+00
2.262875000000000192e+00,9.240285000000000082e+00
2.276381000000000210e+00,9.262465999999999866e+00
2.317450000000000010e+00,9.293815999999999633e+00
2.365963000000000260e+00,9.327180000000000248e+00
2.414849999999999941e+00,9.368642999999998722e+00
2.446174000000000071e+00,9.417102999999999113e+00
2.456269999999999953e+00,9.470803999999999334e+00
2.454323000000000032e+00,9.514363000000001236e+00
2.436914999999999942e+00,9.535743000000000080e+00
2.425199000000000105e+00,9.563064000000000675e+00
2.419913999999999898e+00,9.587054999999999438e+00
2.426324999999999843e+00,9.607019000000001085e+00
2.435359000000000052e+00,9.617117000000000360e+00
2.446377999999999719e+00,9.615083999999999520e+00
2.469083000000000361e+00,9.604516000000000275e+00
2.496672999999999920e+00,9.584094000000000335e+00
2.512980999999999909e+00,9.570274000000001280e+00
2.517214000000000063e+00,9.551883000000000123e+00
2.509875000000000078e+00,9.544688999999999979e+00
2.489338000000000051e+00,9.546886999999999901e+00
2.458651999999999838e+00,9.540063999999999211e+00
2.420917999999999903e+00,9.542307000000000983e+00
2.387168999999999652e+00,9.547406000000000503e+00
2.368843999999999728e+00,9.551928999999999448e+00
2.369890999999999970e+00,9.546032999999999547e+00
2.369899000000000200e+00,9.513041000000001191e+00
2.370063000000000031e+00,9.459244999999999237e+00
2.349327999999999861e+00,9.406190999999999747e+00
2.320431000000000132e+00,9.361216999999999899e+00
2.315965000000000273e+00,9.347616000000000369e+00
2.324683000000000277e+00,9.334896999999999778e+00
2.337918999999999858e+00,9.330342999999999165e+00
2.346127999999999769e+00,9.349700000000000344e+00
2.330397999999999747e+00,9.381642999999998622e+00
2.311487000000000069e+00,9.416757000000000488e+00
2.284333000000000169e+00,9.429052000000000433e+00
2.248943999999999832e+00,9.424913999999999348e+00
2.220336999999999783e+00,9.417906000000000333e+00
2.187378999999999962e+00,9.405733999999998929e+00
2.159075000000000077e+00,9.383483999999999270e+00
2.137459000000000220e+00,9.354238999999999749e+00
2.122516999999999765e+00,9.322891000000000261e+00
2.115634999999999710e+00,9.294242000000000559e+00
2.115183000000000035e+00,9.271537000000000361e+00
2.122205000000000119e+00,9.263122000000000966e+00
2.122014000000000067e+00,9.262464999999998838e+00
2.114781000000000244e+00,9.266356000000000037e+00
2.096870000000000012e+00,9.269467999999999819e+00
2.073072999999999944e+00,9.255492000000000274e+00
2.059200000000000141e+00,9.233869999999999578e+00
2.070150999999999630e+00,9.211471000000001297e+00
2.095626999999999907e+00,9.205104999999999649e+00
2.115645999999999916e+00,9.189858000000000970e+00
2.118529000000000106e+00,9.180442999999998577e+00
2.080019000000000062e+00,9.193493999999999389e+00
2.040855000000000086e+00,9.234491000000000227e+00
2.035028000000000059e+00,9.281452999999999065e+00
2.052990000000000315e+00,9.302054000000000045e+00
2.086374000000000173e+00,9.311980999999999398e+00
2.114606000000000208e+00,9.339014000000000593e+00
2.127031999999999812e+00,9.379585000000000505e+00
2.124066999999999705e+00,9.419093999999999411e+00
2.110214000000000034e+00,9.455577999999999150e+00
2.087013000000000229e+00,9.490478999999998777e+00
2.065575999999999635e+00,9.514177999999999358e+00
2.054629999999999956e+00,9.533428999999999931e+00
2.075826999999999867e+00,9.552938000000001040e+00
2.099466000000000054e+00,9.552294999999999092e+00
2.114468000000000014e+00,9.549272999999999456e+00
2.123495999999999828e+00,9.541032000000001290e+00
2.133277999999999786e+00,9.531368999999999758e+00
2.144559999999999800e+00,9.522396999999999778e+00
2.155574999999999797e+00,9.514071000000001277e+00
2.153783999999999921e+00,9.506591999999999487e+00
2.149090999999999863e+00,9.513239000000000445e+00
2.153756000000000004e+00,9.528567999999999927e+00
2.167320999999999831e+00,9.542552000000000589e+00
2.178422999999999998e+00,9.532547000000000992e+00
2.186746999999999996e+00,9.513377000000000194e+00
2.191171999999999898e+00,9.485910999999999760e+00
2.201690999999999843e+00,9.466504999999999725e+00
2.238135999999999903e+00,9.471194000000000557e+00
2.288454999999999906e+00,9.487382999999999456e+00
2.330032000000000103e+00,9.521198000000000050e+00
2.366248000000000129e+00,9.563199000000000893e+00
2.379138000000000197e+00,9.627277000000001195e+00
2.375124000000000013e+00,9.686317999999999984e+00
2.361985999999999919e+00,9.728191999999999950e+00
2.343491999999999909e+00,9.760466000000000975e+00
2.337352999999999792e+00,9.773417999999999495e+00
2.340191999999999606e+00,9.772372000000000725e+00
2.342544999999999877e+00,9.770361999999998659e+00
2.339263000000000314e+00,9.765239999999998588e+00
2.338966999999999796e+00,9.758727999999999625e+00
2.349288000000000043e+00,9.753488000000000824e+00
2.366317000000000004e+00,9.746653000000000233e+00
2.378946000000000005e+00,9.742485000000000284e+00
2.383061999999999792e+00,9.739618999999999360e+00
2.375180999999999987e+00,9.735860999999999876e+00
2.361639999999999961e+00,9.737899999999999778e+00
2.350449999999999928e+00,9.737377000000000393e+00
2.356171999999999933e+00,9.727172999999998737e+00
2.363663000000000292e+00,9.711086999999999136e+00
2.370486000000000093e+00,9.693982000000000099e+00
2.370325999999999933e+00,9.683348999999999762e+00
2.365129000000000037e+00,9.679680000000001172e+00
2.388374000000000219e+00,9.696197999999998984e+00
2.431207000000000118e+00,9.714247999999999550e+00
2.474304999999999755e+00,9.736226000000000269e+00
2.514739000000000058e+00,9.772434999999999761e+00
2.533500000000000085e+00,9.811682000000001125e+00
2.532599999999999962e+00,9.848682999999999410e+00
2.517843000000000053e+00,9.872085999999999473e+00
2.491715999999999820e+00,9.879413000000001333e+00
2.478702999999999879e+00,9.891455000000000553e+00
2.474708000000000130e+00,9.903850000000000264e+00
2.474340999999999902e+00,9.913247000000000142e+00
2.477389000000000063e+00,9.912866000000001065e+00
2.491740000000000066e+00,9.906377000000000876e+00
2.509454000000000296e+00,9.894657999999999731e+00
2.519695999999999714e+00,9.872667999999999111e+00
2.522460999999999842e+00,9.855026999999999759e+00
2.518733000000000111e+00,9.844261999999998736e+00
2.507747000000000170e+00,9.835390000000000299e+00
2.498072999999999766e+00,9.832285999999999859e+00
2.494326000000000043e+00,9.833968999999999738e+00
2.510412000000000088e+00,9.840527999999999054e+00
2.549586000000000130e+00,9.857573000000000363e+00
2.598781999999999925e+00,9.802884999999999849e+00
2.643200999999999912e+00,9.656549000000000049e+00
2.672225000000000072e+00,9.528772999999999271e+00
2.690050999999999970e+00,9.530189999999999273e+00
2.725099999999999856e+00,9.590484000000000009e+00
2.763818999999999804e+00,9.610312999999999661e+00
2.763597999999999999e+00,9.666767000000000110e+00
2.779634999999999856e+00,9.755813999999999098e+00
2.780861999999999945e+00,9.844505999999999091e+00
2.767393999999999910e+00,9.929885999999999768e+00
2.765894999999999992e+00,9.972505999999999204e+00
2.753604000000000163e+00,9.994104000000000099e+00
2.739279000000000241e+00,1.001168499999999995e+01
2.727383000000000113e+00,1.001694200000000023e+01
2.713656000000000290e+00,9.997678000000000509e+00
